Datum;Erster;Hoch;Tief;Schlusskurs;Stuecke;Volumen
2025-07-10;472,04;472,05;469,09;470,34;715.782;24.719.748
2025-07-09;472,41;476,28;467,76;471,27;768.221;11.395.354
2025-07-08;468,38;471,79;467,675;469,95;623.656;305.456.553
2025-07-07;472,12;473,59;468,03;469,59;717.788;27.949.121
2025-07-03;476,62;477,00;474,09;475,58;424.172;13.629.568
2025-07-02;476,03;478,72;474,44;477,23;357.019;20.955.727
2025-07-01;469,79;477,82;469,30;476,73;426.250;13.831.669
2025-06-30;466,20;470,02;463,72;468,94;995.709;28.618.506
2025-06-27;464,46;467,35;461,95;463,79;1.207.183;28.340.253
2025-06-26;460,82;466,31;459,71;464,46;701.097;315.205.338
2025-06-25;461,73;463,765;459,73;460,20;606.901;21.480.412
2025-06-24;460,87;463,91;459,13;463,16;734.608;15.783.220
2025-06-23;457,31;460,05;453,19;459,75;701.174;15.673.581
2025-06-20;462,49;462,49;455,38;455,86;2.644.811;762.244.026
2025-06-18;460,90;462,37;458,28;458,70;464.130;11.367.325
2025-06-17;464,17;465,34;460,40;460,90;557.689;290.993.750
2025-06-16;466,81;469,40;464,88;466,60;587.578;14.926.289
2025-06-13;470,64;472,74;465,18;465,98;517.093;7.283.592
2025-06-12;468,42;472,10;467,035;470,53;478.125;19.565.952
2025-06-11;474,31;474,37;467,50;468,54;719.179;26.338.535
2025-06-10;472,00;475,95;471,76;475,56;694.095;8.833.222
2025-06-09;472,00;475,83;468,345;472,17;684.839;393.323.381
2025-06-06;473,40;475,23;471,27;472,71;570.631;317.736.005
2025-06-05;474,00;474,16;469,42;470,38;456.982;15.226.853
2025-06-04;471,61;475,45;469,00;473,77;1.003.354;35.392.655
2025-06-03;462,31;472,28;462,00;471,82;943.625;35.426.420
2025-06-02;465,10;466,18;461,56;464,57;775.065;192.193.985
2025-05-30;465,94;469,10;460,98;467,58;2.341.420;26.908.191
2025-05-29;463,95;464,93;461,14;464,08;518.667;8.562.672
2025-05-28;466,11;467,00;462,10;462,51;1.136.320;23.658.321
2025-05-27;463,26;468,05;462,58;467,95;781.602;17.306.531
2025-05-23;453,57;460,45;453,57;458,90;705.558;9.314.534
2025-05-22;456,08;459,11;453,71;459,00;782.469;16.238.182
2025-05-21;456,72;458,91;453,89;455,50;845.228;16.094.682
2025-05-20;461,36;461,36;457,86;459,85;537.555;26.137.911
2025-05-19;457,77;461,61;455,34;460,33;600.105;26.991.925
2025-05-16;455,76;458,32;451,955;457,77;829.494;81.936.049
2025-05-15;445,97;455,00;445,97;454,05;739.232;13.566.594
2025-05-14;447,23;448,18;439,88;445,97;762.064;25.362.435
2025-05-13;454,30;455,95;450,27;450,67;649.752;19.934.845
2025-05-12;456,47;458,00;452,50;454,42;901.736;21.223.228
2025-05-09;455,03;455,03;450,76;452,66;418.503;11.382.061
2025-05-08;449,53;457,90;449,53;453,23;828.204;6.894.547
2025-05-07;447,50;454,21;445,06;449,66;730.391;8.747.759
2025-05-06;452,855;453,46;446,34;447,05;596.793;318.314.671
2025-05-05;453,00;455,49;450,14;452,49;640.292;10.035.201
2025-05-02;453,70;456,76;452,33;454,95;659.816;19.567.249
2025-05-01;437,31;450,47;437,31;448,05;804.463;43.686.896
2025-04-30;449,18;454,88;444,97;453,23;1.240.105;20.323.393
2025-04-29;448,84;452,26;446,77;450,58;533.489;13.997.630
2025-04-28;448,65;450,87;444,17;448,00;560.891;16.877.993
2025-04-25;447,92;449,12;443,45;448,40;751.502;23.855.288
2025-04-24;447,08;451,04;442,83;449,53;823.391;327.648.668
2025-04-23;454,39;457,67;445,50;447,83;825.689;10.754.675
2025-04-22;448,29;455,26;447,80;454,61;558.266;16.218.282
2025-04-21;450,54;452,255;440,42;443,85;519.960;22.911.959
2025-04-17;450,92;455,15;449,75;452,12;719.387;275.318.022
2025-04-16;450,51;454,80;445,37;447,99;796.968;23.289.409
2025-04-15;449,22;454,40;447,94;450,97;755.301;251.026.103
2025-04-14;443,09;448,04;442,01;446,03;779.448;333.099.085
2025-04-11;437,16;448,84;432,71;441,83;1.276.503;516.581.560
2025-04-10;440,37;444,145;427,41;431,88;1.652.753;18.673.893
2025-04-09;414,16;447,35;413,24;445,97;1.875.315;19.398.014
2025-04-08;430,76;432,81;408,65;413,33;1.360.255;10.975.909
2025-04-07;429,09;441,25;417,96;426,09;1.782.909;14.806.256
2025-04-04;464,36;469,44;437,31;437,96;1.976.922;20.862.427
2025-04-03;466,56;472,00;465,83;467,22;967.097;19.445.312
2025-04-02;462,90;470,31;462,47;469,74;672.438;21.629.015
2025-04-01;462,00;467,495;461,21;467,09;582.488;295.820.498
2025-03-31;458,87;468,04;458,47;465,64;1.149.982;11.236.699
2025-03-28;466,53;466,57;458,84;459,11;607.139;4.374.495
2025-03-27;461,99;466,33;459,43;464,73;579.003;3.359.165
2025-03-26;457,45;462,84;457,03;461,43;659.792;10.997.177
2025-03-25;458,06;458,70;454,99;457,45;952.218;8.431.641
2025-03-24;457,12;461,785;455,515;459,09;1.133.125;15.334.333
2025-03-21;453,39;458,63;449,39;458,33;2.400.132;6.209.186
2025-03-20;456,105;459,98;455,39;457,75;1.261.461;4.922.309
2025-03-19;459,00;461,57;455,47;459,75;2.264.597;11.530.500
2025-03-18;464,11;464,11;458,00;460,71;734.858;8.872.467
2025-03-17;452,34;462,17;452,34;460,31;808.094;21.893.004
2025-03-14;455,24;458,00;453,15;455,50;806.784;8.706.401
2025-03-13;449,44;455,05;447,76;453,26;900.225;27.510.019
2025-03-12;453,31;454,73;448,82;451,17;996.238;11.695.255
2025-03-11;461,65;461,90;451,36;454,07;1.170.380;10.642.354
2025-03-10;465,99;471,18;458,17;462,06;512.107;13.415.949
2025-03-07;466,17;469,84;463,42;468,77;680.563;6.074.823
2025-03-06;466,69;470,09;463,38;466,15;1.329.048;11.362.256
2025-03-05;461,23;470,33;461,23;468,25;374.209;10.360.395
2025-03-04;469,28;469,28;460,13;461,35;1.527.985;11.004.863
2025-03-03;469,10;472,16;460,98;462,33;1.162.183;8.948.126
2025-02-28;465,07;468,00;460,63;467,05;1.259.550;11.079.153
2025-02-27;463,54;468,11;459,88;460,28;853.624;22.113.063
2025-02-26;466,36;467,31;461,27;461,55;693.034;10.411.809
2025-02-25;459,29;468,98;459,29;467,49;920.073;14.975.755
2025-02-24;459,01;464,14;456,44;458,64;710.054;14.578.432
2025-02-21;463,61;465,01;457,58;458,00;741.474;10.029.152
2025-02-20;459,70;462,13;458,56;461,90;654.832;7.894.342
2025-02-19;460,82;465,39;460,50;462,07;649.567;22.146.102
2025-02-18;454,87;465,99;450,72;465,83;964.589;22.482.289
2025-02-14;461,05;464,07;456,70;457,00;838.637;33.476.783
2025-02-13;457,56;462,60;457,56;461,05;888.144;45.840.056
2025-02-12;457,32;460,00;454,675;458,56;607.736;23.632.390
2025-02-11;460,25;462,42;459,32;460,74;549.752;12.038.480
2025-02-10;454,82;461,12;453,43;460,86;633.022;28.023.763
2025-02-07;456,54;458,16;452,665;455,05;596.563;23.536.580
2025-02-06;450,23;461,49;450,23;460,68;963.536;34.427.678
2025-02-05;453,40;454,85;451,05;453,70;1.111.428;32.223.153
2025-02-04;455,94;458,83;453,46;454,80;1.083.133;20.391.283
2025-02-03;445,48;454,78;440,61;454,21;1.106.980;17.308.598
2025-01-31;444,42;448,10;439,99;446,12;1.072.282;274.623.097
2025-01-30;439,00;449,50;439,00;446,38;976.398;23.326.133
2025-01-29;435,22;438,83;434,50;438,32;821.079;13.966.832
2025-01-28;440,00;440,07;435,28;435,51;805.080;32.728.285
2025-01-27;438,34;441,40;434,99;439,49;1.204.463;16.143.015
2025-01-24;442,87;443,36;439,04;439,25;585.622;24.735.562
2025-01-23;442,72;442,995;440,46;440,83;673.782;25.245.052
2025-01-22;446,26;448,69;442,47;442,60;837.158;37.024.391
2025-01-21;439,67;443,94;439,45;442,46;727.017;39.022.353
2025-01-17;440,00;440,00;433,84;436,00;1.334.368;9.845.846
2025-01-16;427,915;432,61;427,65;432,49;593.434;6.453.545
2025-01-15;433,22;433,63;426,63;427,98;954.500;14.148.608
2025-01-14;422,28;427,72;420,72;427,29;781.127;318.763.328
2025-01-13;415,79;422,565;414,07;421,43;1.213.994;24.978.286
2025-01-10;414,85;417,42;411,88;414,15;955.999;18.442.727
2025-01-08;416,83;420,40;414,59;420,01;787.614;18.646.478
2025-01-07;412,03;419,00;411,73;414,95;1.189.637;532.330.203
2025-01-06;415,43;418,36;412,13;412,91;993.280;215.192.791
2025-01-03;416,15;416,95;413,13;413,50;824.893;19.449.727
2025-01-02;421,26;422,27;413,89;414,17;866.229;204.693.662
2024-12-31;418,61;420,105;416,115;418,67;503.448;14.712.613
2024-12-30;419,18;420,26;415,41;417,66;765.348;199.418.217
2024-12-27;423,21;425,94;421,54;422,98;738.391;218.672.483
2024-12-26;423,00;426,54;423,00;424,32;410.078;21.503.166
2024-12-24;422,18;426,04;420,96;425,77;314.649;15.374.453
2024-12-23;422,43;425,41;417,74;422,33;689.629;135.243.148
2024-12-20;419,23;425,34;418,61;424,31;3.576.308;2.031.227.234
2024-12-19;422,10;425,36;419,20;419,59;1.322.144;11.214.816
2024-12-18;428,92;431,075;422,07;422,27;1.678.091;26.097.143
2024-12-17;428,24;433,02;425,94;430,20;1.454.234;27.609.858
2024-12-16;435,72;435,72;427,41;428,30;2.106.651;32.949.498
2024-12-13;436,27;437,62;433,67;435,30;924.873;44.175.653
2024-12-12;439,94;442,35;438,00;438,50;836.626;23.949.993
2024-12-11;443,29;445,33;440,16;440,53;638.080;30.110.430
2024-12-10;444,81;446,18;437,31;444,81;776.363;33.124.929
2024-12-09;447,90;450,58;441,93;442,58;864.659;16.166.066
2024-12-06;448,05;450,86;447,60;449,44;735.953;25.811.297
2024-12-05;457,26;457,26;448,03;448,58;939.038;30.300.569
2024-12-04;456,28;461,27;455,70;459,45;868.512;535.972.564
2024-12-03;461,90;461,90;456,70;458,12;656.557;197.499.207
2024-12-02;460,99;461,04;456,63;459,69;745.310;20.750.252
2024-11-29;456,99;461,64;456,14;460,99;509.203;22.069.879
2024-11-27;457,20;459,56;456,86;457,12;912.386;26.728.945
2024-11-26;453,47;456,65;451,54;456,60;578.089;12.122.642
2024-11-25;454,58;456,82;453,07;455,69;1.781.369;21.685.814
2024-11-22;453,84;457,20;453,55;454,78;716.134;23.629.576
2024-11-21;443,74;455,08;453,14;455,04;691.772;16.443.463
2024-11-20;443,74;450,85;441,65;450,14;641.518;18.682.810
2024-11-19;444,13;444,66;439,76;444,06;878.753;31.047.152
2024-11-18;446,53;449,18;445,45;448,57;763.429;22.520.627
2024-11-15;451,07;451,33;446,96;449,10;1.130.899;21.524.159
2024-11-14;455,65;457,85;453,235;453,49;777.737;30.870.949
2024-11-13;453,84;457,54;451,00;456,27;372.968;10.997.448
2024-11-12;458,27;460,06;453,65;455,59;865.541;26.442.020
2024-11-11;459,48;462,27;455,36;456,44;752.209;81.415.009
2024-11-08;465,33;465,47;459,21;459,48;662.425;366.518.969
2024-11-07;465,00;467,98;463,59;465,47;737.949;80.660.831
2024-11-06;463,82;465,68;458,47;462,63;973.130;17.272.047
2024-11-05;458,32;460,86;454,17;454,89;758.889;32.696.863
2024-11-04;457,98;461,69;456,31;458,32;755.834;40.144.379
2024-11-01;456,51;459,20;453,98;457,31;918.354;12.881.777
2024-10-31;455,00;463,00;454,70;456,15;734.236;58.889.854
2024-10-30;473,27;475,00;472,47;473,40;596.219;25.158.323
2024-10-29;474,65;476,14;472,89;474,66;708.936;21.504.028
2024-10-28;475,81;477,62;474,00;476,00;458.763;3.904.059
2024-10-25;475,12;478,63;473,00;473,76;418.344;24.112.970
2024-10-24;478,35;478,43;471,78;474,46;359.326;24.381.854
2024-10-23;479,17;482,08;476,86;477,43;505.324;141.060.899
2024-10-22;481,78;482,23;478,00;481,95;632.201;238.623.375
2024-10-21;484,95;485,14;481,19;483,36;391.418;20.331.421
2024-10-18;483,14;487,065;482,50;486,45;666.924;5.629.627
2024-10-17;486,92;487,31;484,38;486,06;456.708;260.969.308
2024-10-16;478,52;485,32;478,52;483,98;508.103;41.262.126
2024-10-15;477,58;480,69;479,65;480,57;615.494;35.939.792
2024-10-14;474,38;478,15;473,95;477,69;155.997;24.313.272
2024-10-11;472,10;474,52;471,17;474,04;455.571;25.174.867
2024-10-10;471,91;472,44;467,735;469,33;173.722;27.206.983
2024-10-09;467,50;470,47;467,355;469,60;243.523;36.534.217
2024-10-08;465,51;469,97;465,29;469,38;175.121;23.896.165
2024-10-07;464,45;466,34;460,82;463,24;282.575;31.675.191
2024-10-04;470,16;470,17;464,94;468,18;611.857;151.821.696
2024-10-03;471,96;472,46;468,16;469,83;166.051;22.099.343
2024-10-02;474,06;477,14;472,70;475,84;379.302;21.660.359
2024-10-01;476,96;477,86;473,96;475,02;501.824;22.901.904
2024-09-30;479,31;479,36;474,34;476,86;606.163;17.130.722
2024-09-27;479,70;483,15;479,28;479,51;445.980;30.336.026
2024-09-26;479,00;482,09;476,90;481,68;421.332;5.885.539
2024-09-25;481,00;481,00;475,72;477,01;411.644;40.502.626
2024-09-24;478,95;480,68;475,53;479,35;198.598;36.979.238
2024-09-23;474,70;479,05;472,12;477,36;464.603;17.430.455
2024-09-20;469,50;472,055;466,76;471,91;2.118.397;574.487.732
2024-09-19;472,80;473,13;468,735;469,17;776.429;30.241.448
2024-09-18;471,66;471,66;465,00;467,03;430.396;22.751.032
2024-09-17;475,52;476,64;470,51;471,66;466.336;23.297.449
2024-09-16;474,43;475,49;470,42;474,91;499.040;6.532.176
2024-09-13;465,51;471,77;465,11;468,81;440.613;241.291.921
2024-09-12;466,43;467,44;462,43;467,34;599.611;338.543.663
2024-09-11;463,72;465,81;453,64;465,11;674.011;24.271.132
2024-09-10;461,97;465,29;461,04;463,72;496.751;29.476.618
2024-09-09;460,07;465,53;460,07;463,28;308.979;31.119.580
2024-09-06;464,35;466,88;456,24;456,85;1.122.980;39.498.504
2024-09-05;470,34;470,48;463,12;465,49;332.085;24.578.517
2024-09-04;476,21;477,31;471,57;472,13;477.824;32.680.130
2024-09-03;473,94;478,48;472,99;474,05;957.818;37.405.926
2024-08-30;475,04;479,79;471,54;478,25;700.678;27.224.286
2024-08-29;473,73;476,33;470,51;472,73;355.304;17.456.149
2024-08-28;472,84;475,52;470,95;472,84;391.517;114.627.582
2024-08-27;472,71;472,71;468,96;472,34;406.312;33.589.362
2024-08-26;465,64;469,54;465,43;468,46;479.106;162.419.455
2024-08-23;464,50;466,44;461,68;465,74;469.196;19.654.431
2024-08-22;461,84;464,10;460,14;461,72;209.677;21.708.397
2024-08-21;459,95;462,13;458,47;461,75;340.388;21.511.422
2024-08-20;458,62;460,91;456,72;458,07;457.413;22.827.527
2024-08-19;457,21;458,75;456,33;458,58;411.320;42.113.603
2024-08-16;456,14;457,16;452,53;456,82;466.871;308.400.252
2024-08-15;452,05;456,71;451,57;456,14;542.136;184.380.289
2024-08-14;451,66;451,76;449,25;451,18;388.138;221.608.476
2024-08-13;448,51;450,15;445,97;449,70;678.892;257.540.484
2024-08-12;447,02;448,39;445,16;446,78;319.153;27.304.708
2024-08-09;446,98;448,06;442,55;447,02;388.104;202.711.545
2024-08-08;442,23;447,75;441,38;447,53;267.319;47.865.581
2024-08-07;449,32;450,90;441,41;441,81;280.296;47.372.744
2024-08-06;444,07;451,21;444,07;445,73;312.197;48.567.008
2024-08-05;453,99;454,96;441,34;443,53;607.830;110.663.746
2024-08-02;449,61;457,25;443,94;454,00;1.094.955;86.809.169
2024-08-01;456,07;459,27;449,91;453,34;463.065;336.029.293
2024-07-31;453,57;458,07;453,00;453,34;355.967;67.129.405
2024-07-30;452,57;456,62;450,66;450,69;424.425;91.291.813
2024-07-29;451,47;453,06;449,26;449,96;490.497;311.154.596
2024-07-26;444,12;452,74;443,60;451,39;556.697;55.014.243
2024-07-25;444,98;448,27;442,07;443,07;365.472;53.279.023
2024-07-24;448,47;449,21;442,83;443,85;363.865;65.207.067
2024-07-23;447,89;448,46;445,20;447,41;470.444;281.544.522
2024-07-22;447,88;448,71;444,54;446,10;516.263;58.545.156
2024-07-19;445,37;445,37;442,19;444,75;606.948;129.063.346
2024-07-18;445,54;451,29;445,54;446,04;578.036;183.256.896
2024-07-17;447,10;451,76;446,95;449,24;359.967;62.594.769
2024-07-16;438,06;447,78;438,06;445,73;429.265;129.049.972
2024-07-15;440,70;440,70;437,56;438,41;223.179;48.378.155
2024-07-12;437,59;444,31;436,67;440,70;602.053;54.054.860
2024-07-11;435,10;438,00;433,70;434,89;646.174;211.427.683
2024-07-10;433,11;436,01;430,32;434,95;634.057;377.362.700
2024-07-09;434,20;435,515;430,78;431,20;479.256;277.788.756
2024-07-08;436,63;437,75;434,51;435,74;682.073;383.695.732
2024-07-05;432,41;435,95;429,31;435,72;552.938;345.136.564
2024-07-03;430,13;433,65;429,58;432,94;360.027;26.040.875
2024-07-02;428,00;430,40;424,70;430,09;725.569;413.694.364
2024-07-01;438,81;440,40;425,51;428,94;906.097;42.589.466
2024-06-28;440,12;441,90;438,12;438,81;1.204.048;24.229.672
2024-06-27;440,67;441,50;437,55;440,22;514.353;11.727.888
2024-06-26;439,78;440,47;436,68;438,42;301.066;9.808.956
2024-06-25;443,98;445,00;440,39;441,17;697.692;33.166.355
2024-06-24;445,47;446,29;442,19;443,14;562.359;28.449.624
2024-06-21;443,40;443,98;440,00;442,75;2.613.726;7.627.849
2024-06-20;439,08;445,06;439,03;442,80;338.823;9.565.821
2024-06-18;439,61;440,65;435,46;440,02;537.023;297.864.665
2024-06-17;436,36;443,17;435,15;440,63;798.119;12.177.815
2024-06-14;437,43;438,16;434,28;436,95;527.994;28.967.637
2024-06-13;431,00;440,85;431,00;439,73;337.268;10.167.305
2024-06-12;437,60;440,47;433,91;434,09;355.512;11.768.533
2024-06-11;427,84;435,78;426,60;435,48;616.936;321.421.086
2024-06-10;432,73;433,91;431,40;432,00;571.975;21.253.673
2024-06-07;434,01;438,09;431,71;433,70;577.225;15.099.149
2024-06-06;436,02;436,02;432,02;433,85;584.024;32.285.376
2024-06-05;431,74;435,45;429,34;435,08;836.624;37.540.901
2024-06-04;431,31;433,78;428,66;431,14;1.001.049;305.370.781
2024-06-03;434,14;436,355;430,48;434,33;590.578;33.186.355
2024-05-31;430,11;435,99;427,62;435,52;1.614.905;9.284.866
2024-05-30;425,85;430,51;425,75;430,11;580.617;287.957.759
2024-05-29;425,58;428,33;423,98;426,18;587.397;35.358.398
2024-05-28;430,99;432,22;427,14;429,92;675.807;12.149.794
2024-05-24;433,28;437,49;433,28;435,57;469.568;238.543.014
2024-05-23;435,94;436,92;431,72;432,30;517.681;31.086.693
2024-05-22;435,19;436,50;432,37;434,79;661.797;348.184.215
2024-05-21;431,48;436,87;431,48;435,04;475.707;131.177.765
2024-05-20;432,73;432,91;431,29;432,61;584.500;182.051.032
2024-05-17;430,31;433,41;429,795;432,52;568.331;9.854.030
2024-05-16;431,73;431,99;427,92;429,69;735.359;36.335.500
2024-05-15;435,36;435,36;429,65;430,82;824.962;16.115.341
2024-05-14;434,50;435,42;430,18;432,11;688.886;9.059.103
2024-05-13;435,07;437,16;433,71;434,78;488.655;206.655.557
2024-05-10;430,50;434,80;430,47;434,39;506.293;237.866.125
2024-05-09;429,79;430,87;428,28;429,96;376.585;59.607.566
2024-05-08;430,01;430,48;426,99;427,71;564.046;245.302.358
2024-05-07;429,71;437,94;427,67;429,94;416.781;85.270.918
2024-05-06;426,98;428,14;423,45;426,62;600.542;265.892.344
2024-05-03;418,08;425,77;418,08;423,60;911.146;392.879.523
2024-05-02;424,75;424,75;413,71;419,62;1.643.043;532.097.386
2024-05-01;442,79;449,40;441,99;442,03;499.707;66.734.840
2024-04-30;443,55;444,28;440,28;440,96;982.147;87.907.817
2024-04-29;445,77;447,62;442,28;445,07;510.735;291.114.019
2024-04-26;439,46;445,57;439,46;443,18;580.057;171.963.949
2024-04-25;441,85;445,24;439,245;443,83;656.082;386.332.604
2024-04-24;437,21;444,60;433,94;444,32;745.456;206.779.030
2024-04-23;446,57;447,84;444,09;445,06;626.968;343.345.890
2024-04-22;442,26;448,91;441,88;447,06;268.420;38.217.493
2024-04-19;451,97;451,97;444,19;446,30;794.724;172.090.851
2024-04-18;450,97;451,19;445,52;446,46;239.666;42.612.194
2024-04-17;445,58;449,11;444,19;446,79;265.713;30.151.137
2024-04-16;446,74;446,86;443,00;446,32;365.634;7.430.440
2024-04-15;449,92;453,67;443,93;444,61;325.958;37.096.229
2024-04-12;450,21;451,495;444,19;447,41;714.874;29.720.770
2024-04-11;451,99;455,885;448,31;452,99;300.197;34.332.319
2024-04-10;453,00;453,62;449,59;450,28;372.920;42.136.373
2024-04-09;460,67;461,66;453,90;457,75;305.363;26.293.234
2024-04-08;462,87;463,03;459,67;461,67;711.388;10.322.353
2024-04-05;457,52;465,72;456,57;464,70;620.761;8.575.408
2024-04-04;463,32;466,94;456,00;457,26;1.079.592;9.324.204
2024-04-03;460,82;464,17;460,28;462,47;273.149;27.322.929
2024-04-02;462,37;464,02;460,92;461,23;266.416;7.253.920
2024-04-01;466,41;466,41;461,925;463,40;436.336;28.683.129
2024-03-28;463,58;465,82;462,63;464,32;778.734;43.281.330
2024-03-27;462,97;467,11;461,395;466,23;664.157;46.550.703
2024-03-26;464,94;468,34;464,94;467,68;253.891;25.516.645
2024-03-25;467,21;468,22;464,45;466,90;543.353;5.008.803
2024-03-22;464,36;469,21;462,54;468,24;734.288;43.346.099
2024-03-21;464,65;468,61;463,46;466,30;1.028.376;55.270.451
2024-03-20;466,29;468,09;464,495;466,82;364.508;44.116.106
2024-03-19;467,00;468,14;464,855;466,73;818.813;47.890.660
2024-03-18;468,64;475,68;465,57;466,11;575.405;96.856.935
2024-03-15;471,52;473,63;466,57;468,23;17.342.165;572.648.389
2024-03-14;475,93;476,96;473,18;473,94;1.261.930;139.328.982
2024-03-13;469,96;477,71;469,96;475,10;923.213;157.694.077
2024-03-12;467,39;473,11;466,89;471,47;1.115.351;130.769.176
2024-03-11;473,98;473,98;466,98;469,48;1.240.179;153.697.354
2024-03-08;466,29;466,29;462,07;462,55;833.203;82.524.398
2024-03-07;465,00;467,58;461,64;465,29;743.021;426.769.544
2024-03-06;458,98;465,11;458,98;463,61;673.102;199.873.836
2024-03-05;456,37;463,02;456,37;461,08;962.909;179.350.936
2024-03-04;449,21;456,40;449,00;455,72;318.353;61.081.252
2024-03-01;448,48;450,65;447,14;449,21;595.819;169.835.095
2024-02-29;452,65;453,11;445,28;448,82;1.876.455;728.638.063
2024-02-28;444,11;451,65;443,83;451,20;632.165;307.726.859
2024-02-27;443,56;444,95;441,90;444,79;243.354;40.713.494
2024-02-26;447,56;447,59;444,63;444,94;590.863;342.257.031
2024-02-23;448,30;448,485;445,52;447,56;467.216;241.101.900
2024-02-22;441,77;447,82;438,73;447,03;346.368;55.772.248
2024-02-21;437,76;439,75;434,74;439,59;332.964;67.199.180
2024-02-20;435,59;439,27;434,33;435,96;392.785;76.483.921
2024-02-16;432,27;434,55;430,98;431,63;593.666;89.100.265
2024-02-15;420,25;429,20;419,95;428,80;397.074;64.401.463
2024-02-14;418,87;420,20;417,04;418,32;256.967;54.867.403
2024-02-13;418,92;419,50;414,29;416,22;308.424;50.736.166
2024-02-12;420,36;420,95;418,24;419,65;203.009;32.824.984
2024-02-09;413,81;419,63;412,50;419,42;626.528;47.366.885
2024-02-08;419,30;419,30;413,49;413,90;332.284;64.792.032
2024-02-07;419,07;423,94;415,31;416,83;688.819;187.345.580
2024-02-06;414,89;420,30;411,83;415,45;728.632;122.914.438
2024-02-05;396,63;401,93;396,32;400,63;1.261.797;317.348.792
2024-02-02;407,02;408,82;404,61;407,09;1.000.636;57.386.045
2024-02-01;408,27;409,99;405,34;408,65;406.462;64.588.967
2024-01-31;409,46;410,40;403,55;404,83;758.308;373.676.056
2024-01-30;406,05;410,50;405,62;407,85;578.344;291.994.610
2024-01-29;404,78;405,75;402,38;405,64;233.341;18.120.246
2024-01-26;404,41;405,32;401,70;404,04;445.108;43.523.200
2024-01-25;400,72;403,60;400,52;403,47;586.469;284.296.059
2024-01-24;407,07;408,24;401,02;401,21;344.349;59.573.696
2024-01-23;405,29;408,18;402,50;407,89;397.221;161.167.859
2024-01-22;401,88;407,00;401,88;406,47;574.768;319.184.363
2024-01-19;407,12;407,77;404,45;407,38;1.230.701;148.453.689
2024-01-18;406,90;408,30;403,84;407,85;461.592;230.155.416
2024-01-17;404,47;407,28;404,47;406,75;264.751;48.670.358
2024-01-16;407,48;410,52;406,09;406,65;535.933;271.595.427
2024-01-12;408,74;409,00;405,59;408,92;381.923;191.877.920
2024-01-11;406,78;407,00;401,74;405,96;426.218;190.588.825
2024-01-10;404,43;406,00;404,13;405,84;234.853;46.120.625
2024-01-09;407,48;407,64;404,53;406,69;309.401;58.199.099
2024-01-08;407,86;409,325;404,49;408,25;227.591;33.950.302
2024-01-05;409,05;410,27;406,33;409,12;624.689;341.193.696
2024-01-04;407,64;411,37;407,64;408,56;271.019;41.609.912
2024-01-03;405,90;409,76;405,66;408,77;332.932;48.980.479
2024-01-02;409,78;411,58;406,71;409,58;365.328;55.847.277
2023-12-29;408,72;412,01;408,10;410,71;512.772;26.913.993
2023-12-28;410,53;410,89;409,43;409,77;318.437;140.572.929
2023-12-27;408,00;411,34;408,00;411,21;160.290;29.389.124
2023-12-26;410,61;411,22;409,63;409,93;243.126;106.477.263
2023-12-22;410,59;412,00;408,95;410,74;348.252;147.026.097
2023-12-21;408,02;409,35;406,79;409,13;597.019;337.663.772
2023-12-20;410,74;411,79;405,96;406,32;294.163;40.069.777
2023-12-19;412,00;414,23;410,12;412,09;522.947;246.768.898
2023-12-18;411,90;412,625;407,77;409,10;652.907;358.063.269
2023-12-15;406,44;410,76;404,94;407,38;2.533.997;785.894.916
2023-12-14;406,78;411,04;405,83;409,73;524.974;88.324.714
2023-12-13;406,34;414,09;404,94;408,74;1.028.539;259.517.289
2023-12-12;426,00;428,65;426,50;426,72;1.955.367;759.181.456
2023-12-11;400,23;408,29;400,00;408,24;331.069;164.334.439
2023-12-08;398,00;401,55;397,86;401,27;529.706;247.367.915
2023-12-07;399,41;401,36;397,86;398,65;346.479;202.483.824
2023-12-06;403,97;404,00;398,44;400,31;780.724;351.296.238
2023-12-05;406,00;406,34;402,15;404,08;483.039;90.882.251
2023-12-04;409,00;411,13;406,07;406,64;1.035.244;614.774.135
2023-12-01;412,45;415,035;410,05;411,70;1.032.902;66.802.259
2023-11-30;410,46;415,82;410,00;413,79;507.431;63.507.858
2023-11-29;412,85;415,19;410,99;411,39;465.072;230.942.353
2023-11-28;412,01;413,82;410,03;410,73;407.708;209.697.569
2023-11-27;413,83;413,83;410,18;412,80;392.075;185.978.496
2023-11-24;412,67;416,00;412,01;414,22;250.791;23.036.045
2023-11-22;410,74;412,42;408,50;411,62;512.581;276.018.966
2023-11-21;411,04;414,38;410,99;411,94;238.881;53.159.235
2023-11-20;407,55;410,10;406,455;408,27;583.393;272.415.231
2023-11-17;411,08;411,08;406,57;407,88;800.412;482.905.759
2023-11-16;403,18;408,925;402,62;408,47;253.031;46.561.753
2023-11-15;403,97;406,10;402,35;402,76;221.955;39.428.373
2023-11-14;399,57;406,77;399,57;403,77;261.328;49.545.165
2023-11-13;396,36;401,90;395,00;399,75;421.775;211.256.101
2023-11-10;391,51;400,37;391,51;399,84;476.279;229.080.774
2023-11-09;394,33;394,33;390,41;390,97;268.059;41.803.731
2023-11-08;391,41;394,13;389,255;392,26;553.134;241.076.688
2023-11-07;389,96;390,63;385,31;389,30;835.068;475.741.572
2023-11-06;392,775;393,53;390,32;392,99;219.608;22.466.748
2023-11-03;390,62;395,09;388,63;392,51;208.249;19.061.089
2023-11-02;387,725;391,685;387,47;389,66;169.632;15.645.975
2023-11-01;382,55;387,51;381,17;386,93;200.126;13.770.700
2023-10-31;378,72;383,97;376,70;382,14;151.687;9.972.175
2023-10-30;374,76;379,39;373,72;378,93;178.276;16.065.939
2023-10-27;370,31;376,03;368,58;370,66;212.163;19.057.808
2023-10-26;370,89;374,29;366,81;370,07;213.543;22.160.964
2023-10-25;367,41;369,40;362,43;364,37;189.328;18.083.243
2023-10-24;366,81;369,32;365,20;367,32;217.003;20.681.078
2023-10-23;364,80;368,63;361,355;365,09;190.582;20.498.340
2023-10-20;369,27;371,50;365,96;366,37;173.502;15.697.404
2023-10-19;370,38;373,25;368,85;370,03;163.134;16.429.299
2023-10-18;379,02;379,36;371,01;371,34;157.021;15.598.204
2023-10-17;377,33;382,26;377,04;381,05;95.721;8.989.196
2023-10-16;378,60;384,19;378,60;379,22;95.921;9.308.824
2023-10-13;378,95;382,39;376,23;377,97;129.219;8.892.885
2023-10-12;380,245;380,85;375,51;377,71;115.398;9.626.836
2023-10-11;380,44;381,44;377,36;378,68;118.295;8.862.417
2023-10-10;375,79;381,61;375,68;378,97;122.871;12.410.177
2023-10-09;370,93;374,31;369,78;373,63;92.188;5.900.805
2023-10-06;369,17;374,85;367,10;373,73;177.585;18.085.083
2023-10-05;377,71;380,66;367,18;369,855;287.222;23.739.088
2023-10-04;373,09;379,84;372,76;378,64;232.889;28.345.427
2023-10-03;368,79;377,04;368,06;372,94;235.621;24.985.897
2023-10-02;370,35;370,97;366,56;369,94;123.527;12.174.545
2023-09-29;375,18;376,58;371,95;372,43;167.208;15.394.937
2023-09-28;371,18;376,58;371,18;373,32;121.488;13.773.456
2023-09-27;370,82;373,78;370,14;372,03;196.546;22.577.876
2023-09-26;374,41;374,68;369,01;371,16;242.078;27.217.411
2023-09-25;370,94;376,89;369,47;376,59;137.086;12.264.775
2023-09-22;370,75;375,88;370,67;372,94;137.508;16.328.598
2023-09-21;377,47;377,47;372,38;372,44;197.734;21.158.756
2023-09-20;389,32;389,32;378,67;378,865;250.489;24.033.979
2023-09-19;388,015;390,24;385,56;390,20;189.851;16.257.436
2023-09-18;388,49;389,10;385,34;387,71;91.333;7.873.596
2023-09-15;390,15;392,88;386,17;387,78;132.319;10.143.678
2023-09-14;387,26;390,89;385,99;389,80;139.099;16.102.884
2023-09-13;387,32;388,31;384,45;385,13;142.601;13.474.355
2023-09-12;387,44;389,28;387,00;388,18;129.022;13.159.374
2023-09-11;388,075;391,08;387,49;389,22;104.922;8.592.332
2023-09-08;385,02;389,41;385,02;386,88;109.799;11.541.797
2023-09-07;383,94;387,33;382,30;386,74;121.413;9.685.859
2023-09-06;380,61;383,76;379,78;383,54;111.009;10.579.346
2023-09-05;390,45;390,45;381,50;381,71;124.431;10.315.621
2023-09-01;389,14;390,72;387,58;389,03;107.140;8.402.003
2023-08-31;387,74;389,135;386,16;386,87;131.524;11.519.516
2023-08-30;387,69;388,00;385,30;386,96;86.494;6.676.225
2023-08-29;381,62;386,87;379,38;386,85;97.330;8.701.692
2023-08-28;382,875;383,66;380,84;382,17;72.516;6.848.927
2023-08-25;379,13;383,15;378,00;381,52;87.343;7.910.751
2023-08-24;377,33;380,43;377,27;377,97;94.686;6.620.126
2023-08-23;377,20;379,61;375,78;378,27;108.043;8.664.750
2023-08-22;379,25;380,36;377,54;377,61;89.761;6.623.865
2023-08-21;376,51;378,45;373,47;377,61;92.046;6.562.826
2023-08-18;374,515;377,79;374,50;374,81;131.256;13.835.009
2023-08-17;379,95;381,12;375,41;376,32;139.899;13.048.721
2023-08-16;378,89;381,45;377,41;377,94;151.757;14.326.591
2023-08-15;379,72;380,38;377,79;379,42;76.084;6.363.565
2023-08-14;380,97;383,17;379,16;382,21;83.915;7.470.951
2023-08-11;382,62;383,09;380,66;381,83;78.139;6.411.062
2023-08-10;381,98;386,38;381,93;382,39;78.655;5.678.099
2023-08-09;383,85;383,85;379,30;379,60;86.117;7.172.664
2023-08-08;381,78;383,80;379,01;381,74;132.586;12.836.963
2023-08-07;380,795;385,89;380,795;385,03;112.668;11.272.034
2023-08-04;384,00;384,10;377,53;377,815;200.950;22.342.928
2023-08-03;380,62;384,53;379,11;380,51;163.355;17.308.495
2023-08-02;385,82;387,05;383,71;383,86;117.930;12.354.075
2023-08-01;389,445;393,32;388,52;388,64;142.645;16.072.873
2023-07-31;388,75;390,81;386,16;390,81;138.154;14.214.355
2023-07-28;386,51;389,11;385,55;388,69;104.226;9.337.077
2023-07-27;388,22;387,03;384,56;384,70;209.931;23.488.574
2023-07-26;387,605;388,45;379,855;388,37;257.770;31.287.161
2023-07-25;385,55;391,61;385,55;391,39;136.740;12.038.371
2023-07-24;385,31;385,96;381,885;384,59;126.620;12.614.384
2023-07-21;380,355;385,39;379,05;384,44;139.900;11.781.985
2023-07-20;375,885;381,69;374,89;381,31;142.013;10.944.561
2023-07-19;382,02;383,23;374,40;374,79;182.166;16.880.185
2023-07-18;376,89;384,48;376,89;384,475;118.121;13.052.070
2023-07-17;378,95;383,49;378,95;382,24;111.161;12.184.878
2023-07-14;377,25;379,12;376,85;378,50;106.949;11.438.543
2023-07-13;376,50;377,95;376,48;377,09;134.278;13.689.086
2023-07-12;370,205;374,90;366,11;374,67;186.721;18.746.587
2023-07-11;370,00;371,47;363,32;366,75;160.344;15.350.005
2023-07-10;364,515;367,75;366,61;367,66;152.867;15.950.909
2023-07-07;364,40;369,79;362,31;364,77;156.032;13.572.396
2023-07-06;362,38;364,87;362,43;364,54;242.966;23.799.821
2023-07-05;370,83;374,04;365,77;367,34;385.064;36.663.160
2023-07-03;382,35;382,35;378,23;378,23;138.545;12.977.395
2023-06-30;380,26;383,385;380,24;380,85;167.434;14.953.257
2023-06-29;373,69;379,50;377,97;379,05;152.687;15.383.369
2023-06-28;374,40;375,73;372,42;374,93;133.360;9.498.083
2023-06-27;371,29;376,41;371,29;375,86;161.935;11.911.188
2023-06-26;369,91;371,47;369,48;370,71;113.381;9.971.209
2023-06-23;370,28;371,005;367,32;370,54;152.797;14.578.181
2023-06-22;369,28;373,26;366,06;372,61;169.555;14.540.824
2023-06-21;367,83;371,97;365,69;370,53;177.940;17.077.840
2023-06-20;374,40;369,33;368,03;368,71;189.950;18.195.650
2023-06-16;377,52;377,52;373,38;375,49;200.832;15.470.554
2023-06-15;375,27;378,49;373,12;376,55;134.182;9.304.753
2023-06-14;375,40;376,36;372,11;374,35;207.266;17.811.642
2023-06-13;363,61;373,26;371,91;373,26;285.973;32.209.263
2023-06-12;361,49;362,41;358,62;362,02;123.088;9.361.870
2023-06-09;362,45;362,45;358,91;360,96;108.289;8.102.762
2023-06-08;362,50;362,45;361,66;362,09;126.398;10.253.589
2023-06-07;359,43;363,54;359,00;362,25;194.410;19.588.863
2023-06-06;362,52;360,52;359,15;359,65;189.989;16.081.873
2023-06-05;362,16;367,22;360,39;362,82;247.720;30.643.711
2023-06-02;357,41;361,57;360,30;360,33;166.006;16.636.392
2023-06-01;355,845;356,36;354,78;355,57;147.773;11.490.743
2023-05-31;353,99;355,70;353,52;353,705;221.330;22.042.094
2023-05-30;356,35;356,35;350,86;354,96;183.149;18.693.523
2023-05-26;357,39;360,54;354,98;356,53;241.193;24.184.864
2023-05-25;356,19;356,97;355,90;356,62;250.855;24.684.639
2023-05-24;351,32;356,47;351,32;354,79;239.616;22.740.352
2023-05-23;364,27;355,52;353,84;353,84;270.480;20.305.338
2023-05-22;372,28;372,45;366,36;366,44;129.373;15.502.370
2023-05-19;369,75;372,15;371,08;371,49;165.180;14.767.277
2023-05-18;363,72;368,63;362,46;368,08;119.177;10.874.587
2023-05-17;366,875;365,48;364,11;364,99;129.739;12.583.115
2023-05-16;367,35;368,05;364,78;365,86;123.792;10.701.557
2023-05-15;371,70;371,70;365,46;368,85;135.538;11.410.354
2023-05-12;367,04;370,64;366,58;370,35;268.200;31.534.107
2023-05-11;368,03;369,43;365,26;367,06;115.333;9.999.247
2023-05-10;369,99;369,99;364,20;368,71;133.370;15.013.968
2023-05-09;365,13;367,37;362,84;364,97;148.492;20.040.365
2023-05-08;367,88;366,00;365,18;365,48;91.185;10.817.046
2023-05-05;364,28;367,44;363,70;366,35;125.088;15.537.921
2023-05-04;364,61;360,99;359,25;360,73;173.110;18.290.857
2023-05-03;370,13;370,25;364,00;364,155;170.015;18.389.885
2023-05-02;370,35;371,72;367,54;369,99;140.918;15.714.426
2023-05-01;370,54;373,41;370,54;372,20;110.634;18.436.989
2023-04-28;365,68;370,46;364,91;369,595;233.945;39.888.302
2023-04-27;366,39;367,73;360,04;365,62;244.295;40.436.885
2023-04-26;365,10;365,54;362,94;365,22;276.310;40.018.766
2023-04-25;366,51;369,49;366,19;366,88;290.387;53.094.241
2023-04-24;367,53;368,965;366,37;368,07;168.610;28.028.001
2023-04-21;365,21;367,06;364,50;366,14;140.573;20.380.566
2023-04-20;362,86;367,42;362,86;367,35;127.385;20.658.673
2023-04-19;361,875;365,50;361,60;365,31;179.079;29.487.788
2023-04-18;364,575;365,39;361,85;364,79;154.475;25.651.557
2023-04-17;359,70;362,39;359,70;362,27;126.114;20.406.423
2023-04-14;360,76;362,53;357,68;359,63;130.964;18.043.568
2023-04-13;358,48;364,11;357,50;361,94;161.877;31.011.247
2023-04-12;360,40;361,95;358,00;359,50;183.415;20.018.749
2023-04-11;359,04;360,79;357,09;358,27;138.679;25.156.589
2023-04-10;353,27;358,68;353,27;358,54;122.196;17.736.557
2023-04-06;353,02;357,19;352,42;356,82;189.883;29.461.820
2023-04-05;354,05;356,52;353,31;355,63;308.340;54.972.668
2023-04-04;356,85;360,34;356,52;357,94;359.902;72.066.944
2023-04-03;354,22;358,97;354,07;357,75;269.891;47.775.517
2023-03-31;349,11;355,63;349,11;355,33;169.456;23.472.212
2023-03-30;350,31;351,68;348,42;351,45;149.067;22.733.047
2023-03-29;351,16;352,58;348,42;349,65;189.064;25.618.693
2023-03-28;347,13;347,63;344,59;347,03;185.953;29.933.115
2023-03-27;348,17;349,645;347,02;347,02;248.855;38.052.155
2023-03-24;339,98;345,41;344,16;344,74;206.394;28.832.460
2023-03-23;340,60;346,03;339,67;341,26;317.655;30.687.507
2023-03-22;341,18;342,90;339,14;339,60;212.630;25.119.786
2023-03-21;343,02;342,52;339,11;341,46;212.403;29.176.598
2023-03-20;331,35;339,53;333,72;338,97;366.014;51.885.135
2023-03-17;335,90;336,86;329,97;330,21;493.555;67.559.772
2023-03-16;328,90;339,51;328,47;338,40;320.718;32.079.281
2023-03-15;328,89;332,04;329,31;330,92;587.883;53.302.123
2023-03-14;341,09;344,83;339,78;342,45;344.182;46.682.433
2023-03-13;338,74;340,46;334,13;334,77;350.996;28.425.923
2023-03-10;345,66;347,29;340,23;341,81;257.480;26.114.999
2023-03-09;352,17;352,38;344,36;346,05;401.449;65.412.167
2023-03-08;353,27;355,655;352,14;354,87;307.374;42.440.507
2023-03-07;356,00;356,76;350,69;354,20;367.633;57.162.229
2023-03-06;360,04;360,08;356,72;357,98;408.352;59.765.218
2023-03-03;354,65;362,74;353,33;362,23;497.727;91.426.169
2023-03-02;352,00;352,91;349,58;351,62;367.173;54.908.142
2023-03-01;351,18;356,12;349,59;350,12;572.690;66.263.143
2023-02-28;344,48;351,06;344,32;347,91;510.870;55.916.638
2023-02-27;346,00;348,10;344,21;344,49;896.540;101.614.455
2023-02-24;323,92;348,19;322,645;347,64;2.859.680;495.809.331
2023-02-23;331,77;334,26;326,51;331,87;813.553;143.530.735
2023-02-22;327,89;330,98;325,08;330,05;733.608;119.040.981
2023-02-21;323,17;328,25;322,135;324,55;617.647;101.882.504
2023-02-17;320,985;321,68;319,85;321,49;523.765;73.160.824
2023-02-16;325,57;327,75;323,39;323,50;584.194;91.552.883
2023-02-15;331,54;332,71;329,19;332,48;343.735;58.366.724
2023-02-14;332,67;335,07;330,41;334,02;372.010;54.223.120
2023-02-13;332,94;335,94;332,21;334,17;395.259;67.907.232
2023-02-10;331,32;332,62;328,19;332,03;486.339;91.421.706
2023-02-09;336,31;337,84;331,20;332,50;629.709;98.828.560
2023-02-08;340,02;346,51;333,52;334,23;843.815;144.823.923
2023-02-07;318,88;337,40;326,79;337,15;1.180.633;157.235.038
2023-02-06;321,78;323,71;319,88;322,86;580.804;97.172.242
2023-02-03;325,17;328,81;323,47;323,51;561.699;91.646.384
2023-02-02;331,855;334,43;327,11;332,00;495.843;75.996.019
2023-02-01;330,63;333,75;326,12;331,07;342.019;48.461.737
2023-01-31;326,74;331,26;326,50;330,94;342.861;55.909.830
2023-01-30;324,53;328,50;324,32;325,11;442.372;77.054.292
2023-01-27;324,19;327,60;324,185;324,68;377.508;62.499.585
2023-01-26;326,33;329,50;324,72;329,50;356.131;62.323.075
2023-01-25;324,66;327,23;324,09;326,36;365.116;54.349.299
2023-01-24;325,98;328,80;323,83;328,60;265.496;38.302.209
2023-01-23;325,61;328,53;324,28;326,52;354.987;56.763.577
2023-01-20;324,34;328,78;322,81;328,43;315.702;51.031.460
2023-01-19;323,84;325,47;321,48;324,58;324.992;48.620.181
2023-01-18;333,78;333,78;324,22;324,43;574.190;104.389.827
2023-01-17;335,45;336,30;329,84;329,97;242.678;40.943.461
2023-01-13;331,03;334,56;330,13;334,05;386.826;60.264.483
2023-01-12;327,97;329,59;325,90;328,86;285.522;40.640.646
2023-01-11;326,48;329,70;324,96;329,63;359.484;44.954.165
2023-01-10;322,76;323,10;319,44;322,16;236.580;33.097.003
2023-01-09;322,27;324,97;321,46;321,81;380.308;23.068.155
2023-01-06;307,96;317,14;307,57;316,16;667.851;55.832.090
2023-01-05;305,19;307,90;302,22;305,50;627.292;87.899.477
2023-01-04;318,76;320,19;315,12;316,77;492.514;71.389.902
2023-01-03;317,77;321,89;314,55;318,58;539.212;89.073.557
2022-12-30;325,63;326,77;323,34;326,27;189.299;24.244.122
2022-12-29;329,56;330,88;328,50;329,84;164.989;27.890.545
2022-12-28;328,86;330,42;325,62;325,98;173.559;31.576.855
2022-12-27;330,83;332,04;328,36;328,93;124.726;17.934.096
2022-12-23;326,23;329,61;325,66;329,35;115.493;20.163.454
2022-12-22;326,45;327,78;323,14;327,68;271.810;47.097.820
2022-12-21;326,69;330,30;326,65;328,64;421.511;73.270.215
2022-12-20;327,95;330,90;326,34;329,13;227.842;39.379.166
2022-12-19;328,60;330,50;326,20;327,23;209.360;35.008.899
2022-12-16;328,08;329,94;324,03;329,31;310.277;37.101.873
2022-12-15;336,33;336,80;328,625;331,42;300.558;42.044.833
2022-12-14;343,53;345,45;340,02;342,01;309.980;32.961.664
2022-12-13;346,05;347,54;340,54;342,46;434.554;50.040.788
2022-12-12;336,11;336,81;333,77;336,05;233.400;38.286.672
2022-12-09;334,84;335,73;332,20;332,25;200.218;31.113.271
2022-12-08;331,19;335,16;330,94;334,69;157.348;24.583.710
2022-12-07;332,21;333,88;329,68;331,21;227.317;26.980.042
2022-12-06;334,95;335,65;329,51;331,42;197.149;26.973.833
2022-12-05;335,17;336,30;332,59;334,29;167.156;24.044.351
2022-12-02;334,73;338,865;333,77;337,47;230.418;35.883.501
2022-12-01;337,36;338,06;332,93;337,28;312.185;47.676.192
2022-11-30;332,25;337,08;328,44;336,28;451.136;64.653.555
2022-11-29;334,48;335,35;331,01;331,91;316.977;58.373.093
2022-11-28;344,77;344,91;336,80;337,63;456.363;83.693.699
2022-11-25;343,96;344,52;342,57;344,48;88.364;14.936.437
2022-11-23;340,81;343,38;340,52;343,18;140.319;17.418.217
2022-11-22;335,02;340,27;334,31;339,83;166.715;26.222.598
2022-11-21;332,95;335,83;332,89;334,36;145.809;20.813.674
2022-11-18;333,96;335,66;331,08;334,92;173.908;27.423.861
2022-11-17;329,70;331,16;328,17;330,72;301.831;48.328.534
2022-11-16;335,84;336,02;333,32;333,81;202.066;25.644.445
2022-11-15;339,03;339,25;330,06;332,52;355.649;51.938.283
2022-11-14;333,68;338,02;331,99;332,11;286.725;44.433.959
2022-11-11;333,32;334,25;329,51;330,25;397.293;52.840.144
2022-11-10;329,86;330,13;324,60;328,17;597.256;70.172.102
2022-11-09;315,735;318,87;313,43;314,50;208.644;30.742.658
2022-11-08;314,70;318,46;313,77;315,08;205.415;29.480.785
2022-11-07;311,45;313,95;309,57;313,55;312.107;43.581.721
2022-11-04;306,14;310,04;303,04;309,22;480.287;64.325.214
2022-11-03;289,89;298,22;289,89;297,41;365.693;51.263.466
2022-11-02;302,40;302,40;293,88;294,145;403.789;47.002.820
2022-11-01;303,94;303,94;296,47;298,01;298.142;41.166.375
2022-10-31;301,13;302,76;297,12;297,54;282.702;36.955.459
2022-10-28;295,48;302,99;294,67;301,925;450.984;50.975.544
2022-10-27;293,88;296,61;292,395;293,365;443.070;60.056.329
2022-10-26;291,87;296,52;290,25;295,07;494.561;41.063.913
2022-10-25;278,34;288,22;278,16;288,21;665.012;13.902.401
2022-10-24;293,24;294,86;276,74;278,245;797.394;104.422.571
2022-10-21;280,23;288,73;279,54;288,335;213.887;17.915.345
2022-10-20;284,44;288,18;281,58;282,09;196.249;20.884.239
2022-10-19;283,93;286,00;282,26;284,05;215.764;27.822.629
2022-10-18;287,64;288,83;282,97;285,06;241.750;24.188.835
2022-10-17;281,47;283,66;280,60;281,015;265.991;28.976.446
2022-10-14;285,70;287,49;275,02;275,37;301.655;25.372.995
2022-10-13;266,98;282,98;266,37;282,40;445.302;36.966.781
2022-10-12;271,28;273,78;269,98;271,62;217.110;19.449.396
2022-10-11;270,50;275,05;269,00;271,08;174.846;15.697.145
2022-10-10;274,21;274,77;270,17;271,87;234.818;23.663.050
2022-10-07;276,40;276,89;271,94;273,28;310.595;30.291.422
2022-10-06;280,16;282,21;277,42;278,71;325.055;31.257.500
2022-10-05;283,70;286,235;281,37;283,80;241.238;27.212.835
2022-10-04;283,61;287,15;282,99;286,58;396.621;45.760.226
2022-10-03;272,69;277,14;271,28;275,81;411.722;50.313.366
2022-09-30;270,295;274,14;269,44;269,67;468.825;53.571.190
2022-09-29;268,00;270,34;265,255;269,74;303.517;33.761.951
2022-09-28;266,49;272,86;265,04;271,46;279.786;28.570.226
2022-09-27;267,95;268,86;262,47;265,19;391.352;38.170.517
2022-09-26;266,65;269,47;263,01;264,38;421.695;53.336.051
2022-09-23;269,91;270,58;265,90;269,15;379.191;41.466.606
2022-09-22;276,62;277,32;273,30;274,07;297.037;28.012.494
2022-09-21;282,10;283,49;276,40;276,53;292.684;26.707.470
2022-09-20;280,78;282,70;279,10;281,50;290.675;36.617.426
2022-09-19;280,51;285,29;280,12;285,11;227.491;27.442.650
2022-09-16;279,64;283,89;278,57;283,22;340.848;34.667.721
2022-09-15;284,75;287,66;282,72;282,85;280.631;30.066.156
2022-09-14;285,56;287,45;283,31;286,62;272.966;30.324.087
2022-09-13;288,67;291,58;285,00;285,40;338.225;34.855.531
2022-09-12;292,91;295,16;290,75;294,62;402.847;55.469.653
2022-09-09;286,36;288,06;285,08;286,98;240.933;33.800.555
2022-09-08;279,67;284,06;279,54;283,84;382.047;30.134.431
2022-09-07;277,72;286,00;277,35;285,85;244.913;29.550.683
2022-09-06;276,35;279,13;273,79;276,98;402.788;42.441.261
2022-09-02;283,42;285,76;276,495;277,85;483.171;53.404.275
2022-09-01;277,78;279,58;273,295;279,14;589.489;50.440.965
2022-08-31;285,16;285,75;282,31;282,94;496.527;51.136.376
2022-08-30;289,71;290,03;282,685;284,66;312.466;34.342.094
2022-08-29;286,41;288,76;285,71;287,57;361.179;43.437.233
2022-08-26;297,03;297,21;286,13;286,52;415.395;44.845.740
2022-08-25;294,34;297,48;292,97;297,22;274.372;36.118.358
2022-08-24;294,18;294,85;292,16;293,12;253.290;35.373.109
2022-08-23;293,45;296,54;292,28;294,20;343.035;45.547.972
2022-08-22;297,01;297,53;294,45;295,79;418.004;59.477.353
2022-08-19;308,50;308,50;303,24;303,78;231.066;31.524.604
2022-08-18;309,575;311,05;308,22;310,33;128.394;15.501.045
2022-08-17;308,17;310,08;307,04;309,48;218.458;30.703.104
2022-08-16;309,65;313,43;309,65;312,34;208.086;14.130.659
2022-08-15;309,89;312,40;308,20;312,19;286.368;16.921.795
2022-08-12;305,94;311,53;305,61;311,53;270.111;41.007.728
2022-08-11;309,37;310,05;305,61;305,85;297.654;37.296.442
2022-08-10;308,14;311,24;306,47;309,285;344.011;35.334.161
2022-08-09;300,83;302,71;299,78;300,64;152.850;17.224.711
2022-08-08;305,22;305,86;300,69;301,00;267.106;41.619.258
2022-08-05;300,30;302,07;299,44;301,91;232.985;31.772.714
2022-08-04;301,48;304,00;301,48;302,23;349.873;58.210.991
2022-08-03;299,855;301,25;295,82;300,03;300.672;43.973.954
2022-08-02;298,33;300,52;295,82;297,73;334.189;49.274.082
2022-08-01;300,46;302,20;298,52;300,21;279.745;42.434.906
2022-07-29;299,455;303,09;299,08;301,88;289.201;44.176.156
2022-07-28;286,47;297,205;286,44;297,09;482.179;77.301.844
2022-07-27;286,34;291,21;285,21;291,21;538.530;77.436.147
2022-07-26;284,47;287,64;284,47;286,37;399.745;61.250.154
2022-07-25;286,80;288,25;284,59;288,19;336.431;45.482.825
2022-07-22;287,10;288,46;284,55;285,50;309.430;52.268.648
2022-07-21;282,51;287,14;282,12;287,12;300.546;47.818.417
2022-07-20;284,45;285,80;281,96;283,43;389.500;54.233.205
2022-07-19;280,93;286,42;280,33;286,42;430.315;67.495.503
2022-07-18;279,74;280,53;276,31;276,89;384.412;55.695.456
2022-07-15;275,26;276,84;273,26;276,84;565.480;72.911.501
2022-07-14;267,85;269,11;265,135;268,92;647.764;84.130.495
2022-07-13;270,22;275,87;269,30;274,86;603.862;76.805.944
2022-07-12;274,96;277,65;273,105;273,54;596.475;91.178.318
2022-07-11;270,90;278,09;270,90;276,60;612.579;69.300.988
2022-07-08;274,82;276,37;272,18;273,79;356.134;45.858.754
2022-07-07;275,10;276,26;273,61;273,84;500.284;70.122.482
2022-07-06;269,87;275,42;269,79;274,43;878.260;120.067.048
2022-07-05;271,98;273,42;266,835;270,84;934.755;116.620.715
2022-07-01;283,56;285,91;281,04;285,355;766.241;121.327.379
2022-06-30;284,015;289,50;282,56;287,73;591.201;83.602.502
2022-06-29;292,02;292,33;288,67;291,285;497.770;72.726.844
2022-06-28;296,68;298,90;292,29;292,65;529.571;83.058.986
2022-06-27;299,51;300,72;295,55;296,125;638.172;95.080.770
2022-06-24;297,65;304,61;297,60;303,49;1.025.392;162.981.373
2022-06-23;297,21;299,74;293,00;296,98;797.179;114.878.695
2022-06-22;293,59;300,76;293,34;298,34;801.704;123.655.270
2022-06-21;293,38;300,59;292,99;298,32;762.699;99.424.524
2022-06-17;285,24;292,51;283,67;290,75;764.965;120.851.573
2022-06-16;290,13;291,57;287,83;289,64;578.482;93.669.601
2022-06-15;299,52;302,84;294,07;299,78;436.905;64.691.248
2022-06-14;299,29;300,10;293,24;295,86;578.944;91.507.659
2022-06-13;302,53;304,50;299,75;301,50;538.196;82.410.779
2022-06-10;312,67;313,29;307,86;310,62;548.072;87.827.997
2022-06-09;324,19;326,60;318,64;318,70;439.179;68.872.333
2022-06-08;330,90;333,59;327,38;328,72;363.913;61.041.173
2022-06-07;331,54;336,10;331,30;335,715;412.153;69.929.006
2022-06-06;336,85;337,95;333,44;335,31;474.758;88.057.176
2022-06-03;330,43;333,52;329,98;331,67;326.924;55.828.361
2022-06-02;323,55;333,39;322,98;333,30;450.463;74.443.498
2022-06-01;323,89;325,12;317,80;319,56;587.855;101.110.260
2022-05-31;325,10;327,66;322,97;324,50;488.101;72.926.899
2022-05-27;323,71;329,80;323,36;329,59;496.393;94.350.018
2022-05-26;317,47;321,64;317,18;320,57;432.192;74.981.353
2022-05-25;318,67;320,01;313,41;316,03;455.445;78.116.719
2022-05-24;321,20;321,62;315,74;320,345;345.912;57.851.773
2022-05-23;320,00;323,52;318,73;320,46;474.253;90.581.736
2022-05-20;315,54;316,75;307,49;315,25;474.808;79.432.908
2022-05-19;308,46;314,095;307,96;310,72;512.158;55.260.560
2022-05-18;314,40;316,29;308,91;310,11;362.114;59.341.712
2022-05-17;317,01;318,88;315,07;318,88;368.478;56.639.400
2022-05-16;307,10;311,60;304,93;309,60;477.260;82.915.443
2022-05-13;303,42;311,18;302,73;308,86;507.478;77.573.049
2022-05-12;297,03;302,33;296,41;301,11;730.161;111.173.360
2022-05-11;298,08;306,73;297,41;300,64;472.956;74.971.535
2022-05-10;306,20;306,65;298,14;299,39;717.044;110.525.284
2022-05-09;303,66;305,33;299,82;300,28;513.567;82.947.625
2022-05-06;305,82;309,82;303,80;308,58;645.005;108.103.083
2022-05-05;318,47;319,68;309,50;313,12;469.574;79.579.613
2022-05-04;314,83;322,79;312,57;322,37;486.374;82.382.793
2022-05-03;313,92;316,69;311,94;314,03;500.334;89.006.185
2022-05-02;314,255;315,64;307,08;313,47;593.441;95.448.936
2022-04-29;313,80;318,89;311,07;311,74;589.726;114.512.787
2022-04-28;305,22;316,43;303,03;315,29;840.703;141.686.100
2022-04-27;304,28;310,03;303,47;307,94;714.212;123.095.547
2022-04-26;311,46;313,51;303,56;303,58;604.451;108.178.698
2022-04-25;311,30;314,12;306,76;313,99;580.465;102.724.795
2022-04-22;322,42;322,44;309,03;309,73;642.782;110.761.537
2022-04-21;331,48;332,25;323,70;324,32;352.511;57.502.899
2022-04-20;320,04;327,84;320,04;326,37;473.367;84.829.762
2022-04-19;315,01;319,09;314,77;318,15;371.874;64.830.252
2022-04-18;318,665;319,76;315,71;317,50;135.195;17.076.503
2022-04-14;319,03;320,70;316,62;318,52;521.532;96.378.456
2022-04-13;313,88;319,39;313,61;319,12;302.811;54.668.288
2022-04-12;315,06;317,58;312,95;314,02;438.622;72.578.500
2022-04-11;317,79;319,30;316,78;317,24;289.609;46.381.117
2022-04-08;317,51;321,32;317,23;317,95;318.169;53.056.548
2022-04-07;316,95;319,32;314,38;318,05;326.272;55.237.359
2022-04-06;316,02;316,66;312,17;315,11;539.008;89.789.581
2022-04-05;320,83;325,02;320,79;321,66;284.038;46.147.678
2022-04-04;319,85;321,97;319,18;321,67;262.560;35.622.382
2022-04-01;320,99;322,80;320,45;322,73;354.476;59.414.560
2022-03-31;323,34;324,88;319,22;319,54;446.728;76.066.531
2022-03-30;324,87;326,54;322,55;325,63;348.056;57.140.692
2022-03-29;327,47;328,88;320,74;326,46;625.832;104.512.554
2022-03-28;319,51;322,67;319,22;322,65;410.774;63.000.260
2022-03-25;320,35;320,94;315,78;318,83;429.607;71.442.359
2022-03-24;309,90;318,07;309,85;318,02;558.163;92.926.176
2022-03-23;307,76;310,72;307,01;307,15;458.852;82.885.351
2022-03-22;312,16;313,37;309,605;312,16;370.573;60.992.625
2022-03-21;311,53;312,41;308,34;310,68;384.066;56.255.442
2022-03-18;305,415;312,57;304,79;311,50;450.148;68.185.054
2022-03-17;303,23;310,09;302,25;309,30;382.190;56.225.313
2022-03-16;303,08;308,31;298,71;304,52;950.076;153.017.942
2022-03-15;290,24;294,58;287,34;294,10;743.697;116.573.347
2022-03-14;288,64;292,62;284,61;285,32;636.278;90.805.234
2022-03-11;288,41;289,40;280,33;280,90;522.150;74.329.641
2022-03-10;280,85;288,18;280,27;283,37;633.140;106.215.187
2022-03-09;284,185;296,27;281,99;292,56;935.763;148.468.789
2022-03-08;273,35;278,54;267,51;271,31;762.991;99.481.101
2022-03-07;280,80;281,05;269,87;270,935;679.344;96.707.685
2022-03-04;278,58;281,49;276,37;281,27;996.304;136.863.188
2022-03-03;290,40;291,84;285,70;287,40;528.827;79.020.293
2022-03-02;284,12;291,99;282,49;290,19;631.750;96.075.661
2022-03-01;291,82;293,09;280,57;282,48;933.975;140.957.018
2022-02-28;288,33;294,66;288,28;293,22;582.037;80.335.369
2022-02-25;287,81;297,62;287,64;297,62;773.895;102.824.153
2022-02-24;277,00;285,90;276,93;285,14;1.125.502;138.445.710
2022-02-23;296,26;297,10;290,69;291,02;942.203;174.327.037
2022-02-22;291,87;295,07;289,74;293,57;711.249;105.020.934
2022-02-18;300,11;305,22;298,63;302,97;659.655;98.751.834
2022-02-17;302,01;302,655;298,00;299,07;324.012;46.723.514
2022-02-16;301,31;305,21;299,13;303,84;347.756;56.962.423
2022-02-15;300,68;302,62;298,92;301,82;444.640;64.982.609
2022-02-14;294,03;295,85;290,36;293,46;417.375;64.087.234
2022-02-11;306,79;309,10;293,74;294,85;508.787;85.189.017
2022-02-10;309,72;316,77;307,33;308,87;632.785;87.422.091
2022-02-09;302,77;304,91;301,78;304,57;432.563;64.704.829
2022-02-08;296,73;299,54;294,93;298,85;456.153;63.715.675
2022-02-07;297,16;299,64;295,51;296,47;612.094;92.726.499
2022-02-04;301,41;304,41;297,58;297,90;685.436;103.940.708
2022-02-03;319,02;319,52;311,03;312,05;376.784;62.897.023
2022-02-02;320,12;324,51;320,00;322,14;382.726;62.952.399
2022-02-01;320,36;322,01;315,96;321,34;386.473;61.110.963
2022-01-31;309,85;318,815;309,83;318,68;549.801;98.358.000
2022-01-28;307,54;314,92;305,49;314,88;427.975;73.074.098
2022-01-27;310,99;314,06;307,30;311,29;574.471;83.512.602
2022-01-26;316,67;317,74;305,78;308,84;526.018;78.854.100
2022-01-25;310,26;316,11;306,31;313,39;512.845;81.861.098
2022-01-24;313,60;316,78;304,13;316,37;694.345;114.083.027
2022-01-21;320,91;321,95;315,50;316,12;409.062;70.956.647
2022-01-20;324,34;327,47;321,29;321,90;305.326;53.378.790
2022-01-19;325,50;326,82;321,88;322,26;317.935;55.625.571
2022-01-18;323,15;323,14;318,73;321,05;425.897;70.355.132
2022-01-14;328,74;330,72;325,26;328,56;372.153;65.482.153
2022-01-13;338,28;339,81;332,84;333,54;298.396;53.922.233
2022-01-12;338,285;341,88;337,28;341,20;267.121;48.117.974
2022-01-11;334,02;336,51;331,02;336,51;356.271;68.305.094
2022-01-10;333,50;335,50;330,77;335,22;298.409;53.733.725
2022-01-07;338,18;338,14;333,38;336,33;329.486;67.893.003
2022-01-06;344,64;345,31;337,71;338,07;372.010;71.300.102
2022-01-05;347,99;352,10;346,38;346,59;309.364;54.834.940
2022-01-04;338,89;345,61;338,27;344,72;345.277;64.482.291
2022-01-03;346,34;346,57;338,47;338,72;242.406;46.113.474
2021-12-31;344,32;346,97;343,65;346,47;100.933;18.202.758
2021-12-30;345,35;346,22;343,77;344,30;124.098;21.571.075
2021-12-29;344,11;346,47;343,96;345,38;192.951;39.721.675
2021-12-28;343,10;344,90;342,96;343,71;163.434;29.535.027
2021-12-27;341,83;343,83;340,71;343,48;161.246;28.864.611
2021-12-23;335,32;340,61;335,26;339,07;236.151;46.678.384
2021-12-22;331,50;335,53;331,50;335,26;253.090;45.946.902
2021-12-21;330,51;333,88;329,58;332,85;221.891;37.777.600
2021-12-20;330,31;330,64;327,11;330,19;297.989;51.216.753
2021-12-17;338,48;337,55;333,14;333,82;333.845;63.203.572
2021-12-16;340,91;343,27;338,60;339,96;366.410;71.960.555
2021-12-15;336,10;341,395;334,62;341,33;277.311;45.136.561
2021-12-14;335,51;335,95;333,19;334,47;367.104;75.264.064
2021-12-13;333,72;335,41;331,45;334,20;206.659;41.236.476
2021-12-10;333,03;334,78;332,85;334,08;222.332;42.450.756
2021-12-09;331,11;333,94;330,55;332,16;237.711;40.144.979
2021-12-08;333,85;333,96;330,88;333,15;351.680;61.562.227
2021-12-07;330,66;332,52;330,07;330,56;411.387;80.923.053
2021-12-06;324,96;326,30;323,56;325,10;288.162;49.514.638
2021-12-03;326,19;326,95;318,275;320,73;653.945;122.910.550
2021-12-02;320,14;324,62;319,51;323,79;444.910;86.220.907
2021-12-01;321,61;325,67;318,28;318,42;392.001;64.240.976
2021-11-30;320,25;318,76;315,875;318,18;572.343;92.482.519
2021-11-29;321,40;322,58;318,62;320,73;387.503;67.120.153
2021-11-26;322,81;324,38;319,15;321,11;384.145;72.045.956
2021-11-24;325,10;328,27;324,91;327,18;232.660;39.472.909
2021-11-23;328,84;331,46;328,63;330,42;218.113;38.841.727
2021-11-22;332,62;334,36;329,74;329,74;198.902;36.580.526
2021-11-19;331,50;333,21;330,60;332,17;246.730;41.559.221
2021-11-18;331,31;331,68;329,22;331,09;236.585;39.869.693
2021-11-17;334,26;334,32;331,09;331,45;268.845;52.228.450
2021-11-16;334,03;335,30;332,88;332,91;235.630;42.149.114
2021-11-15;336,45;336,53;332,83;334,095;268.659;48.570.028
2021-11-12;337,50;337,56;335,68;336,98;237.041;50.191.874
2021-11-11;337,63;337,66;335,62;335,62;182.022;32.410.243
2021-11-10;337,90;338,62;335,555;336,62;239.967;49.934.472
2021-11-09;340,05;339,98;337,63;338,56;279.586;52.489.725
2021-11-08;335,31;337,83;335,13;337,40;233.088;43.054.888
2021-11-05;331,70;332,54;330,73;332,02;244.985;48.649.858
2021-11-04;329,70;331,60;328,39;331,60;354.590;75.678.582
2021-11-03;329,66;330,10;325,41;328,42;395.972;75.021.752
2021-11-02;326,58;328,68;326,05;327,40;426.171;85.229.264
2021-11-01;321,21;324,27;320,48;322,98;262.781;48.334.525
2021-10-29;317,63;322,62;316,85;319,20;329.927;55.400.900
2021-10-28;316,71;318,37;315,72;318,17;277.206;49.812.426
2021-10-27;319,57;321,39;318,39;318,78;405.166;60.817.151
2021-10-26;317,89;319,04;316,75;316,93;319.979;61.833.034
2021-10-25;315,03;317,76;314,00;316,98;338.519;69.234.018
2021-10-22;313,18;314,86;312,94;314,32;220.950;40.476.660
2021-10-21;311,21;311,57;308,49;311,21;218.157;37.486.743
2021-10-20;311,15;311,87;310,33;311,48;170.514;29.421.678
2021-10-19;308,09;310,93;307,07;310,88;228.712;41.596.978
2021-10-18;307,09;308,45;305,95;307,73;204.755;33.169.556
2021-10-15;308,75;309,50;306,69;308,45;220.549;37.657.281
2021-10-14;304,58;309,10;303,90;308,73;203.013;34.087.558
2021-10-13;298,90;302,04;297,87;300,86;236.915;35.705.215
2021-10-12;295,74;296,99;294,25;295,79;160.818;24.411.669
2021-10-11;295,56;298,18;294,85;294,90;189.023;29.479.090
2021-10-08;299,45;300,16;295,76;296,24;206.991;35.848.650
2021-10-07;297,82;302,34;297,72;299,27;352.157;64.165.402
2021-10-06;293,80;296,21;290,40;295,86;484.694;85.127.612
2021-10-05;295,04;299,58;294,25;297,64;231.431;43.609.903
2021-10-04;296,72;297,94;292,245;294,74;313.399;52.672.726
2021-10-01;295,54;298,47;292,56;297,91;362.110;62.876.651
2021-09-30;299,14;300,42;293,38;293,38;426.704;78.037.105
2021-09-29;299,39;300,45;298,37;299,02;344.330;64.474.371
2021-09-28;305,11;305,11;298,23;300,06;456.883;81.486.508
2021-09-27;310,59;312,26;308,53;309,12;252.494;48.400.457
2021-09-24;307,81;311,00;307,90;310,50;171.814;31.810.900
2021-09-23;308,90;311,83;308,56;310,53;267.940;44.052.782
2021-09-22;306,07;309,22;305,89;306,00;302.975;54.458.523
2021-09-21;305,70;306,08;303,05;305,17;322.774;55.056.618
2021-09-20;301,83;304,48;299,60;301,98;421.355;75.078.559
2021-09-17;308,78;311,23;305,995;309,14;633.746;121.550.528
2021-09-16;314,09;314,88;309,95;312,98;295.019;54.673.974
2021-09-15;313,73;315,02;311,59;314,85;271.119;51.673.759
2021-09-14;315,62;315,72;310,99;311,86;278.802;55.677.395
2021-09-13;314,81;315,51;311,25;313,29;293.523;58.037.718
2021-09-10;313,06;314,07;310,19;310,34;196.765;33.953.459
2021-09-09;312,83;315,43;312,22;312,78;200.383;32.135.643
2021-09-08;314,05;315,75;310,49;311,70;275.006;50.721.868
2021-09-07;316,99;317,00;312,94;315,58;357.478;70.201.220
2021-09-03;314,24;316,15;313,38;313,42;220.440;37.518.471
2021-09-02;314,67;315,55;313,83;315,55;159.185;25.396.345
2021-09-01;313,46;315,47;312,32;313,70;203.114;36.484.361
2021-08-31;315,00;315,45;313,48;314,61;194.196;32.363.870
2021-08-30;315,49;316,26;314,59;315,49;149.195;23.135.785
2021-08-27;313,32;314,95;312,38;314,72;150.225;27.107.985
2021-08-26;313,45;313,92;311,22;311,53;143.359;25.601.077
2021-08-25;310,57;313,45;310,06;312,81;146.093;26.193.141
2021-08-24;313,96;314,29;311,94;312,41;154.247;27.827.252
2021-08-23;313,02;314,34;312,75;312,75;215.096;39.237.544
2021-08-20;311,23;314,08;310,72;314,08;319.985;60.234.523
2021-08-19;308,16;311,87;307,83;311,16;267.269;47.534.576
2021-08-18;312,76;314,36;309,765;310,09;312.688;58.196.386
2021-08-17;311,85;312,23;307,89;312,02;283.476;56.444.113
2021-08-16;310,05;311,65;308,33;311,65;241.338;45.480.859
2021-08-13;308,20;309,35;307,32;309,35;182.011;31.921.464
2021-08-12;308,55;308,59;304,87;306,37;210.129;35.748.006
2021-08-11;307,35;307,75;303,71;306,10;359.809;68.564.707
2021-08-10;301,92;304,68;300,96;301,70;311.389;53.343.851
2021-08-09;306,18;305,98;301,76;303,35;221.909;40.359.887
2021-08-06;304,97;306,79;304,00;305,97;164.077;30.052.482
2021-08-05;307,60;308,97;304,47;304,63;246.019;41.723.956
2021-08-04;304,65;307,72;304,55;305,78;358.529;62.720.977
2021-08-03;300,95;303,00;300,19;302,86;194.117;32.332.687
2021-08-02;308,53;310,18;300,01;300,01;351.505;63.554.302
2021-07-30;302,28;308,78;302,26;307,17;572.495;115.811.876
2021-07-29;297,72;300,56;297,38;299,63;253.471;42.530.993
2021-07-28;298,10;298,71;296,67;297,07;174.205;28.402.084
2021-07-27;297,59;300,59;295,68;298,72;262.683;48.449.065
2021-07-26;299,47;300,03;296,89;298,47;243.932;39.352.946
2021-07-23;297,43;299,00;296,23;298,91;193.153;33.518.636
2021-07-22;296,66;296,95;294,64;295,37;141.577;19.612.553
2021-07-21;291,86;294,66;291,72;294,27;291.535;47.474.074
2021-07-20;285,44;291,50;284,63;290,47;272.441;43.691.731
2021-07-19;284,93;285,36;282,84;284,88;388.767;60.569.012
2021-07-16;292,92;293,01;289,15;289,95;275.153;47.868.358
2021-07-15;289,22;293,44;289,15;291,90;270.612;47.386.329
2021-07-14;290,77;292,12;289,54;291,32;224.971;35.371.909
2021-07-13;292,06;292,50;288,87;290,01;285.724;47.722.341
2021-07-12;292,37;294,47;291,73;292,74;216.378;33.053.985
2021-07-09;290,715;293,82;291,62;292,91;259.599;42.361.955
2021-07-08;287,04;287,87;284,78;286,92;334.090;54.080.375
2021-07-07;290,44;292,75;289,55;292,75;229.278;34.977.091
2021-07-06;291,67;291,86;287,53;288,74;213.882;31.711.377
2021-07-02;290,82;292,30;289,60;291,89;163.219;22.942.539
2021-07-01;289,69;290,94;288,99;290,94;251.719;40.095.341
2021-06-30;288,08;289,85;288,14;288,89;304.073;50.040.938
2021-06-29;292,27;293,06;289,785;290,46;317.905;55.845.644
2021-06-28;289,16;289,82;287,21;289,61;384.868;56.734.876
2021-06-25;285,27;286,88;283,03;285,61;1.122.924;232.733.622
2021-06-24;287,21;287,72;284,88;285,12;686.179;137.800.840
2021-06-23;289,73;290,29;284,30;284,63;510.288;98.376.496
2021-06-22;290,78;291,48;289,35;290,25;598.803;117.525.423
2021-06-21;286,94;288,60;285,38;288,21;534.441;100.929.801
2021-06-18;284,26;285,38;281,87;281,87;416.530;71.886.727
2021-06-17;288,74;289,28;285,40;287,20;469.030;81.553.129
2021-06-16;294,65;294,97;289,34;289,49;657.395;130.038.970
2021-06-15;293,545;293,51;289,00;290,84;398.180;71.761.698
2021-06-14;291,22;291,37;288,01;291,09;314.324;58.403.082
2021-06-11;291,97;292,52;289,95;291,43;286.572;48.284.701
2021-06-10;291,96;293,11;290,26;290,26;328.239;46.022.930
2021-06-09;292,31;294,465;290,17;290,25;316.728;53.628.336
2021-06-08;293,48;294,27;291,36;292,54;436.560;76.499.010
2021-06-07;297,89;297,92;291,15;291,73;679.932;125.511.593
2021-06-04;299,60;301,71;298,61;299,84;241.681;36.751.461
2021-06-03;297,395;298,63;296,06;298,23;271.524;41.958.908
2021-06-02;302,04;301,94;299,40;299,88;249.342;39.274.787
2021-06-01;305,13;305,71;301,27;302,47;281.415;50.290.656
2021-05-28;302,73;302,93;300,05;300,71;243.897;41.236.941
2021-05-27;300,84;301,71;299,82;301,13;302.808;51.596.401
2021-05-26;301,18;301,59;297,51;299,88;213.232;33.398.901
2021-05-25;302,35;302,63;300,30;301,49;159.525;24.001.427
2021-05-24;301,37;303,02;300,83;301,22;122.388;17.547.731
2021-05-21;300,00;302,00;298,38;298,62;205.526;28.346.366
2021-05-20;297,69;300,68;297,54;298,09;239.871;35.783.062
2021-05-19;294,41;296,38;291,61;296,26;387.140;61.237.352
2021-05-18;301,15;301,15;297,81;298,10;346.108;56.539.437
2021-05-17;302,13;303,21;299,09;301,10;307.254;46.991.805
2021-05-14;299,38;301,81;299,05;300,95;252.394;45.021.409
2021-05-13;294,54;298,78;293,98;298,02;334.760;58.870.916
2021-05-12;295,05;297,77;293,29;294,11;334.100;52.369.863
2021-05-11;297,81;300,75;296,61;298,40;282.066;48.974.467
2021-05-10;302,17;303,82;300,93;300,93;309.832;52.597.303
2021-05-07;298,50;300,83;296,98;299,16;288.931;51.012.236
2021-05-06;294,84;296,44;291,59;296,43;470.705;82.741.401
2021-05-05;287,58;292,67;286,74;291,64;190.892;53.445.741
2021-05-04;283,98;285,87;281,99;282,96;444.673;76.208.333
2021-05-03;287,40;289,47;287,17;288,78;181.245;29.554.605
2021-04-30;288,43;288,56;285,44;286,21;284.509;45.812.351
2021-04-29;288,17;289,32;286,00;289,18;275.230;49.250.766
2021-04-28;288,43;290,26;286,97;287,32;341.086;60.142.973
2021-04-27;288,83;290,85;288,44;290,33;254.632;36.963.055
2021-04-26;291,88;291,99;288,85;289,41;152.084;22.844.288
2021-04-23;288,18;292,40;287,89;291,50;210.245;33.770.465
2021-04-22;290,55;291,67;288,185;288,78;198.904;35.856.728
2021-04-21;287,54;292,45;287,50;292,16;205.977;37.631.674
2021-04-20;286,62;287,85;285,75;285,78;270.500;51.117.438
2021-04-19;289,70;289,94;287,05;289,29;167.767;26.656.484
2021-04-16;289,08;290,57;288,67;289,86;175.459;30.499.161
2021-04-15;286,88;288,80;286,67;287,89;203.524;33.990.105
2021-04-14;284,85;286,515;284,33;284,95;205.407;37.581.951
2021-04-13;285,46;287,71;285,33;286,06;213.225;28.983.979
2021-04-12;283,215;286,25;283,27;285,52;273.187;49.992.400
2021-04-09;283,01;285,225;281,75;284,73;311.266;57.591.108
2021-04-08;283,00;284,13;281,99;282,13;295.843;54.113.102
2021-04-07;283,37;284,36;280,47;281,25;365.463;62.969.082
2021-04-06;284,41;285,18;282,39;284,21;204.023;30.935.997
2021-04-05;282,70;286,95;282,85;285,21;162.811;25.647.673
2021-04-01;279,505;281,42;277,18;280,76;260.342;42.609.373
2021-03-31;278,24;283,21;278,24;280,71;354.399;61.638.264
2021-03-30;280,125;280,71;278,74;279,22;203.387;33.780.680
2021-03-29;280,13;283,18;277,89;280,95;363.869;60.117.169
2021-03-26;275,00;281,66;274,47;281,65;378.303;66.581.155
2021-03-25;269,60;274,06;268,94;273,44;336.232;58.542.311
2021-03-24;266,775;271,10;266,715;270,19;219.779;33.404.624
2021-03-23;270,20;272,41;267,02;267,59;255.132;42.996.450
2021-03-22;268,72;271,63;267,73;270,44;182.624;27.757.307
2021-03-19;267,85;270,85;264,14;268,72;357.644;67.678.421
2021-03-18;267,37;270,44;266,59;268,06;277.096;51.243.301
2021-03-17;269,70;271,76;268,51;269,46;323.815;61.423.690
2021-03-16;268,37;271,69;268,14;270,74;354.321;67.601.039
2021-03-15;265,10;269,005;264,80;268,75;255.940;43.800.360
2021-03-12;266,385;268,63;265,52;268,63;179.555;11.704.460
2021-03-11;268,91;269,99;267,24;267,24;350.352;21.761.159
2021-03-10;264,25;267,00;264,01;265,71;508.756;38.971.876
2021-03-09;261,38;264,82;258,02;262,53;465.381;41.191.635
2021-03-08;247,83;256,64;247,96;254,10;362.152;21.684.031
2021-03-05;246,60;248,18;247,41;247,67;326.737;19.776.374
2021-03-04;247,27;249,61;242,52;245,33;417.526;24.464.565
2021-03-03;250,56;251,20;247,49;247,78;304.646;20.215.579
2021-03-02;253,27;256,86;253,01;254,12;344.201;17.828.396
2021-03-01;247,55;252,47;247,28;251,42;272.043;20.180.613
2021-02-26;246,72;248,17;244,30;244,30;412.556;30.778.629
2021-02-25;253,06;254,04;246,73;246,73;418.501;23.430.933
2021-02-24;257,99;259,27;254,40;254,40;414.446;38.063.399
2021-02-22;250,11;252,00;249,30;251,19;371.853;23.714.979
2021-02-19;249,59;251,90;249,15;250,97;244.030;19.787.503
2021-02-18;247,84;251,21;246,65;249,84;422.486;40.799.542
2021-02-17;248,64;250,24;247,24;249,49;362.876;27.158.077
2021-02-16;252,69;254,54;249,86;249,96;322.097;28.348.520
2021-02-12;252,02;253,64;250,99;252,81;254.393;14.609.834
2021-02-11;254,17;255,04;251,81;253,02;219.255;14.170.522
2021-02-10;254,31;255,04;251,38;252,79;269.222;18.215.425
2021-02-09;257,875;258,07;255,01;255,63;292.870;21.867.725
2021-02-08;259,24;259,94;255,67;257,08;324.318;26.753.115
2021-02-05;255,00;259,62;252,25;257,29;562.879;37.849.600
2021-02-04;249,89;252,38;247,37;249,11;593.481;46.677.582
2021-02-03;252,01;253,44;249,84;249,96;292.032;19.271.685
2021-02-02;250,87;253,54;250,41;252,25;313.941;19.396.355
2021-02-01;248,18;251,20;246,02;250,38;353.280;17.924.405
2021-01-29;247,57;249,31;244,28;245,51;325.183;13.837.582
2021-01-28;246,97;251,07;246,09;249,66;427.929;28.975.593
2021-01-27;250,555;250,46;240,90;243,06;553.433;35.051.149
2021-01-26;254,52;257,63;254,48;255,845;340.755;15.676.036
2021-01-25;248,72;253,51;246,01;253,10;359.168;16.779.050
2021-01-22;251,19;254,50;251,19;251,28;259.324;17.978.647
2021-01-21;257,13;257,57;253,00;253,36;184.773;7.839.091
2021-01-20;257,68;260,68;257,30;257,30;301.609;24.706.347
2021-01-19;263,31;263,41;258,32;259,19;282.158;23.665.229
2021-01-15;261,65;261,65;256,96;257,97;242.332;17.479.141
2021-01-14;267,22;267,28;263,56;263,65;241.153;20.116.973
2021-01-13;266,67;268,50;266,23;267,75;305.776;28.085.425
2021-01-12;264,86;267,53;263,67;266,60;386.844;32.495.183
2021-01-11;264,49;269,06;264,49;267,66;369.443;42.985.084
2021-01-08;271,96;272,37;267,93;270,37;285.042;20.539.723
2021-01-07;269,21;273,73;269,17;270,82;427.731;44.862.151
2021-01-06;261,855;274,47;261,64;271,43;556.416;52.990.881
2021-01-05;257,57;263,21;257,57;262,92;242.511;11.689.142
2021-01-04;266,97;267,29;257,41;258,97;269.661;25.469.997
2020-12-31;262,095;263,755;260,68;263,51;94.078;1.131.813
2020-12-30;260,94;262,42;260,46;261,76;132.646;10.906.562
2020-12-29;263,09;263,19;258,63;259,405;198.587;17.490.717
2020-12-28;262,35;263,38;259,68;260,07;277.323;31.959.413
2020-12-24;255,37;256,94;254,87;256,93;33.970;496.281
2020-12-23;256,33;257,77;254,99;255,11;210.077;17.734.734
2020-12-22;253,04;254,65;251,80;253,43;188.641;6.811.931
2020-12-21;250,37;254,98;247,565;254,19;387.658;30.109.733
2020-12-18;257,04;258,72;253,54;257,93;273.420;21.289.905
2020-12-17;255,89;257,19;255,10;256,74;328.550;36.515.144
2020-12-16;251,78;252,08;249,56;250,31;229.069;18.418.202
2020-12-15;249,56;252,95;249,32;251,71;260.483;17.025.564
2020-12-14;250,70;251,44;247,59;247,67;239.997;13.568.267
2020-12-11;248,38;249,90;247,49;249,41;217.021;14.820.948
2020-12-10;251,12;252,33;249,42;250,63;258.032;21.539.077
2020-12-09;250,97;251,79;248,50;250,96;206.103;13.760.790
2020-12-08;248,00;250,00;246,58;249,07;215.239;16.972.396
2020-12-07;253,49;254,65;249,29;249,91;246.947;16.441.199
2020-12-04;244,82;250,66;244,77;250,66;544.011;40.766.450
2020-12-03;252,67;252,67;245,78;246,13;313.279;21.434.596
2020-12-02;256,33;257,01;250,75;250,93;517.736;21.160.612
2020-12-01;260,79;261,17;257,53;258,92;436.120;74.568.284
2020-11-30;261,39;261,43;255,37;256,42;556.804;95.692.981
2020-11-27;258,23;259,10;257,20;258,10;197.426;35.749.988
2020-11-25;255,90;256,01;253,09;253,29;210.068;33.524.048
2020-11-24;253,41;257,70;252,78;255,95;412.114;71.957.661
2020-11-23;254,31;255,15;251,14;252,15;185.027;29.313.318
2020-11-20;253,14;254,46;251,49;252,11;231.967;36.516.154
2020-11-19;250,00;253,22;248,97;252,98;209.663;33.215.853
2020-11-18;252,83;254,30;250,43;250,54;203.069;29.547.332
2020-11-17;253,41;254,62;251,02;252,12;297.379;45.576.377
2020-11-16;258,41;259,08;252,81;255,40;349.353;56.257.073
2020-11-13;257,685;258,48;255,81;257,00;195.542;29.733.525
2020-11-12;257,06;259,73;254,18;255,06;300.959;45.453.336
2020-11-11;262,64;262,75;256,95;259,72;424.183;75.081.010
2020-11-10;262,59;264,47;259,75;261,97;412.123;65.854.208
2020-11-09;268,94;269,78;257,26;257,61;726.538;120.633.513
2020-11-06;253,25;253,64;249,73;250,26;329.254;52.338.327
2020-11-05;249,75;253,30;248,49;249,89;579.216;97.843.005
2020-11-04;233,99;238,50;232,14;235,79;573.049;88.227.341
2020-11-03;232,78;235,37;231,88;234,09;373.153;56.510.264
2020-11-02;225,125;230,17;224,05;228,49;461.419;65.976.306
2020-10-30;219,32;220,90;217,295;220,30;495.936;76.415.641
2020-10-29;215,66;221,58;214,22;219,83;548.030;87.832.280
2020-10-28;218,32;220,50;216,17;217,07;595.935;89.873.124
2020-10-27;226,395;228,52;225,21;225,45;288.156;42.252.048
2020-10-26;230,94;231,49;226,29;227,87;258.068;38.223.968
2020-10-23;236,40;236,83;233,76;234,23;250.998;37.754.923
2020-10-22;229,635;234,08;228,48;233,10;314.735;50.102.681
2020-10-21;232,74;235,61;230,86;230,86;339.832;55.021.459
2020-10-20;231,62;234,11;230,98;233,25;254.852;37.508.202
2020-10-19;233,97;234,31;229,43;229,72;278.122;33.637.480
2020-10-16;231,10;234,43;230,56;233,06;386.233;54.735.397
2020-10-15;229,25;230,58;228,00;229,28;435.468;66.349.751
2020-10-14;236,48;236,61;234,10;234,84;226.573;29.172.873
2020-10-13;238,44;239,05;234,87;236,11;349.325;56.381.238
2020-10-12;241,51;242,78;239,98;240,20;182.990;26.784.661
2020-10-09;238,93;241,30;238,83;239,94;253.167;42.225.620
2020-10-08;238,95;240,37;237,10;237,85;312.016;51.421.566
2020-10-07;234,58;240,005;234,36;239,10;371.280;58.085.161
2020-10-06;236,14;237,715;231,84;232,01;340.997;54.331.769
2020-10-05;234,26;236,64;234,26;235,09;338.767;52.375.219
2020-10-02;229,16;234,95;229,15;232,11;469.723;75.446.391
2020-10-01;236,73;238,35;232,09;232,71;514.501;83.022.582
2020-09-30;236,33;240,00;235,94;238,29;392.822;62.977.410
2020-09-29;237,76;239,22;236,27;236,27;208.472;31.746.133
2020-09-28;237,91;238,90;236,40;237,33;242.074;37.632.508
2020-09-25;229,13;233,63;228,47;232,74;455.002;73.788.471
2020-09-24;233,27;235,41;231,71;234,44;266.021;35.797.732
2020-09-23;237,81;238,33;232,88;233,23;365.039;60.166.328
2020-09-22;237,95;238,62;236,22;238,18;503.141;83.653.623
2020-09-21;239,34;240,56;234,88;238,28;505.116;84.368.553
2020-09-18;249,80;250,61;245,35;246,18;388.447;59.334.650
2020-09-17;246,79;250,52;245,90;250,52;312.846;52.653.819
2020-09-16;250,36;251,86;248,50;248,76;250.664;40.925.511
2020-09-15;252,15;254,25;250,70;250,70;258.361;44.565.863
2020-09-14;251,75;253,64;250,61;251,24;296.656;50.081.400
2020-09-11;249,59;251,38;248,71;250,04;266.896;40.871.583
2020-09-10;253,365;254,59;247,05;247,06;225.448;32.725.234
2020-09-09;246,00;253,58;245,88;251,33;341.059;53.858.312
2020-09-08;243,77;245,89;241,92;242,81;352.432;50.943.397
2020-09-04;251,08;251,95;243,58;247,81;438.932;67.044.075
2020-09-03;259,09;259,13;247,56;250,45;499.872;78.557.861
2020-09-02;257,49;260,475;255,73;260,35;568.251;90.598.262
2020-09-01;250,24;257,04;248,63;256,725;415.246;60.495.045
2020-08-31;251,83;253,18;249,18;249,91;289.236;46.335.446
2020-08-28;251,66;254,07;250,82;253,54;230.287;34.766.868
2020-08-27;253,90;254,01;250,14;250,90;318.416;48.928.018
2020-08-26;249,88;254,24;249,04;252,88;187.752;23.877.443
2020-08-25;250,59;251,38;249,28;250,06;252.575;34.124.595
2020-08-24;250,71;250,88;248,66;248,93;284.683;40.850.610
2020-08-21;240,44;244,89;240,24;244,20;352.883;53.635.193
2020-08-20;244,50;245,66;243,79;245,52;404.249;63.650.717
2020-08-19;248,40;249,28;246,60;247,23;240.885;32.508.279
2020-08-18;249,65;250,25;246,06;246,86;157.879;20.000.962
2020-08-17;249,68;250,57;247,50;248,38;214.605;31.191.106
2020-08-14;247,66;249,54;247,47;248,63;173.144;24.786.550
2020-08-13;247,43;249,92;247,43;249,34;197.907;23.519.486
2020-08-12;247,76;251,00;247,39;248,70;235.984;33.583.699
2020-08-11;247,81;248,205;244,52;244,96;215.812;29.153.360
2020-08-10;242,71;243,86;241,70;243,31;287.497;44.389.497
2020-08-07;244,85;245,65;243,69;245,21;298.249;36.012.173
2020-08-06;247,40;247,93;244,70;246,82;347.665;55.567.054
2020-08-05;247,44;251,35;246,76;248,18;415.298;63.633.514
2020-08-04;242,46;245,48;242,03;243,67;362.705;52.831.665
2020-08-03;247,70;248,10;244,17;244,32;468.717;66.841.336
2020-07-31;246,50;247,06;241,54;245,31;315.262;40.650.912
2020-07-30;240,82;242,91;237,05;242,11;335.296;51.959.348
2020-07-29;244,76;245,57;243,68;245,17;394.423;64.871.627
2020-07-28;247,13;247,56;243,59;243,59;347.959;57.688.929
2020-07-27;246,12;248,86;245,26;246,85;272.810;41.279.412
2020-07-24;243,03;244,85;242,53;244,07;296.026;44.871.711
2020-07-23;245,635;248,22;244,60;245,98;239.962;35.185.014
2020-07-22;244,49;246,34;242,38;245,36;289.650;47.962.590
2020-07-21;243,90;245,83;243,01;243,97;334.544;43.121.327
2020-07-20;242,56;243,87;239,84;240,29;513.359;85.195.882
2020-07-17;241,60;243,66;241,03;242,57;436.298;61.346.996
2020-07-16;245,17;245,52;237,49;238,76;834.941;137.805.899
2020-07-15;240,73;241,18;235,62;237,66;719.948;110.372.542
2020-07-14;225,80;233,85;225,49;232,93;455.465;67.344.347
2020-07-13;227,92;230,87;225,78;225,78;308.038;44.024.283
2020-07-10;224,21;226,55;223,12;225,95;315.962;40.180.197
2020-07-09;225,92;226,33;220,28;221,91;727.996;95.175.625
2020-07-08;226,44;227,49;218,68;221,45;884.804;124.515.506
2020-07-07;223,00;225,84;222,42;224,55;341.538;43.933.212
2020-07-06;225,13;225,57;221,66;224,56;471.862;66.819.205
2020-07-02;219,10;222,03;219,10;221,30;604.347;92.286.863
2020-07-01;211,29;215,51;210,79;214,795;405.278;50.457.628
2020-06-30;209,97;213,50;209,71;212,25;277.983;27.426.320
2020-06-29;209,99;212,20;208,36;211,11;338.350;47.090.158
2020-06-26;208,83;209,06;204,59;206,84;303.653;38.171.293
2020-06-25;205,71;209,27;204,04;209,27;255.099;31.277.588
2020-06-24;208,77;210,16;204,94;205,99;348.723;39.438.086
2020-06-23;214,84;215,15;212,26;212,43;372.835;47.193.522
2020-06-22;208,84;210,645;207,79;209,92;316.087;38.624.431
2020-06-19;211,60;211,65;205,28;207,96;573.895;77.458.442
2020-06-18;208,97;210,20;207,00;208,20;387.477;50.277.306
2020-06-17;210,28;210,28;206,84;207,36;418.039;58.711.836
2020-06-16;208,12;209,58;204,77;208,47;437.938;49.178.312
2020-06-15;198,25;204,51;197,26;203,22;410.867;52.037.802
2020-06-12;204,77;204,85;198,31;201,90;302.706;34.492.636
2020-06-11;209,18;209,90;198,83;199,02;842.934;115.027.437
2020-06-10;216,40;216,58;212,00;213,37;419.969;49.779.984
2020-06-09;215,64;217,56;213,73;214,25;570.372;79.847.963
2020-06-08;221,14;221,88;214,82;216,39;531.279;75.022.874
2020-06-05;220,17;224,31;219,57;221,31;611.205;87.716.645
2020-06-04;214,00;214,23;210,71;212,47;309.712;25.539.718
2020-06-03;211,73;213,60;208,94;212,89;451.567;64.853.440
2020-06-02;205,09;206,99;204,44;206,28;300.980;36.904.435
2020-06-01;202,59;205,92;202,25;205,26;327.590;40.011.087
2020-05-29;201,81;203,09;199,03;202,38;467.515;52.030.192
2020-05-28;197,97;201,93;196,73;199,91;430.923;44.031.447
2020-05-27;194,35;194,70;191,58;192,84;240.429;27.586.777
2020-05-26;193,86;195,00;192,33;192,97;352.613;44.227.471
2020-05-22;192,11;192,62;190,37;190,98;276.964;30.642.256
2020-05-21;195,38;195,70;192,53;193,67;267.338;33.760.734
2020-05-20;192,66;197,31;192,66;196,03;347.230;43.518.577
2020-05-19;191,72;192,10;189,86;190,19;289.439;35.789.997
2020-05-18;187,95;193,65;187,68;192,19;359.841;43.363.709
2020-05-15;178,13;182,70;178,045;182,53;330.328;37.233.907
2020-05-14;173,69;179,33;172,76;179,20;439.413;44.079.232
2020-05-13;182,46;182,68;177,72;178,89;481.515;58.912.324
2020-05-12;185,01;186,41;183,11;183,11;419.375;50.789.816
2020-05-11;184,57;187,38;184,50;186,86;368.338;46.669.829
2020-05-08;185,04;188,39;184,76;188,355;321.965;34.103.865
2020-05-07;178,09;185,89;177,48;184,71;540.667;62.106.305
2020-05-06;182,58;182,945;178,83;179,01;343.099;39.184.336
2020-05-05;183,00;185,05;181,91;181,99;299.239;32.778.845
2020-05-04;179,44;183,22;178,61;182,67;366.706;41.406.655
2020-05-01;184,32;184,32;179,80;180,34;169.932;17.069.850
2020-04-30;185,37;186,13;183,14;183,78;410.113;48.229.606
2020-04-29;187,96;190,19;187,68;188,66;305.747;34.025.913
2020-04-28;187,79;188,095;185,50;186,88;360.974;46.266.685
2020-04-27;182,24;185,49;181,94;184,59;251.912;28.821.943
2020-04-24;182,49;182,49;178,85;181,46;272.488;32.958.976
2020-04-23;180,58;185,13;180,35;181,23;309.004;39.822.179
2020-04-22;181,18;182,85;180,02;181,55;248.962;29.097.330
2020-04-21;181,47;182,67;176,70;179,08;580.982;74.420.168
2020-04-20;184,89;189,54;184,41;185,08;250.065;28.845.699
2020-04-17;188,02;188,88;185,97;188,57;415.195;56.323.671
2020-04-16;181,70;183,67;178,89;182,97;515.968;61.214.677
2020-04-15;182,15;183,45;179,39;181,15;377.065;44.962.337
2020-04-14;189,56;190,90;187,90;189,62;420.226;52.194.022
2020-04-13;186,97;188,31;183,76;185,97;439.518;55.031.907
2020-04-09;183,62;190,01;183,36;189,64;1.017.746;131.502.339
2020-04-08;180,61;187,41;178,75;186,90;584.747;69.662.516
2020-04-07;181,60;185,36;178,74;179,98;768.969;102.116.964
2020-04-06;170,01;177,00;169,53;175,815;799.044;80.366.638
2020-04-03;163,15;165,75;161,28;162,01;466.876;49.155.280
2020-04-02;159,97;166,71;159,59;164,13;613.424;63.420.489
2020-04-01;165,57;168,39;160,32;160,82;610.202;67.464.917
2020-03-31;172,41;177,19;170,61;173,03;573.075;67.454.899
2020-03-30;171,93;177,19;170,87;176,79;538.359;59.940.744
2020-03-27;167,15;171,06;166,29;167,65;463.998;47.470.315
2020-03-26;169,33;174,94;168,74;173,82;533.675;56.134.037
2020-03-25;163,07;175,06;161,37;165,17;809.313;89.092.811
2020-03-24;159,38;166,62;157,01;164,23;816.516;82.971.872
2020-03-23;149,77;154,86;146,80;150,36;1.076.995;114.648.105
2020-03-20;154,08;157,66;148,13;151,19;928.604;93.292.163
2020-03-19;151,47;158,51;148,88;154,27;997.598;105.885.002
2020-03-18;153,59;160,07;149,65;157,16;1.061.038;112.913.604
2020-03-17;156,37;165,49;155,85;163,86;1.213.434;124.018.998
2020-03-16;148,75;163,55;146,71;158,32;2.220.479;272.931.919
2020-03-13;173,72;177,15;161,43;176,53;1.413.218;156.210.040
2020-03-12;162,72;169,14;157,04;158,06;1.676.424;160.597.012
2020-03-11;173,42;176,64;172,58;173,84;1.027.425;115.915.553
2020-03-10;176,65;176,65;167,54;176,14;1.365.343;148.351.200
2020-03-09;174,80;180,26;172,44;173,01;1.181.312;140.727.393
2020-03-06;192,11;192,66;185,79;189,21;1.304.225;159.075.256
2020-03-05;197,89;199,46;195,10;196,61;623.224;73.074.168
2020-03-04;198,40;205,74;197,39;205,55;540.026;72.801.311
2020-03-03;197,98;201,82;192,38;195,38;736.289;82.847.583
2020-03-02;191,22;198,27;189,43;198,06;874.469;97.180.609
2020-02-28;190,48;192,78;186,05;191,05;1.121.362;125.257.465
2020-02-27;199,87;203,36;194,95;195,03;878.686;120.290.633
2020-02-26;203,30;206,90;202,59;203,53;747.110;102.945.893
2020-02-25;209,19;209,70;200,86;201,74;675.671;91.025.948
2020-02-24;211,12;212,24;209,62;210,50;429.622;61.380.702
2020-02-21;219,99;220,19;218,24;218,24;304.644;66.485.507
2020-02-20;220,51;222,36;218,21;221,20;319.290;70.626.948
2020-02-19;223,01;223,49;221,90;222,53;216.606;21.140
2020-02-18;224,07;224,57;222,91;223,60;227.722;50.918.639
2020-02-14;221,54;223,08;221,22;222,60;232.729;51.805.475
2020-02-13;222,48;227,76;221,16;221,31;521.461;44.262
2020-02-12;217,08;217,32;215,55;216,91;189.597;130.146
2020-02-11;217,54;218,79;215,98;216,14;282.479;43.228
2020-02-10;214,70;215,73;214,19;215,36;195.291;21.321
2020-02-07;214,78;215,64;212,74;214,16;184.450;1.713
2020-02-06;216,95;217,39;215,08;216,73;322.339;1.300
2020-02-05;217,08;217,08;213,30;216,70;533.538;115.617.685
2020-02-04;210,91;214,82;210,62;213,58;482.165;102.980.801
2020-02-03;203,71;210,03;203,58;209,49;686.868;143.891.977
2020-01-31;205,78;206,30;202,97;203,00;362.640;73.615.920
2020-01-30;206,47;208,565;205,48;208,27;353.247;73.570.753
2020-01-29;208,01;209,36;207,70;208,19;198.854;13.324
2020-01-28;205,38;208,86;205,22;207,93;211.564;2.079
2020-01-27;205,22;206,22;204,14;204,80;419.572;85.928.346
2020-01-24;210,11;212,28;208,85;210,00;331.801;7.140
2020-01-23;208,42;209,63;207,52;209,57;298.199;62.493.564
2020-01-22;211,12;211,93;210,49;211,08;189.015;9.921
2020-01-21;212,03;212,72;211,20;211,70;219.066;46.376.272
2020-01-17;213,13;214,42;212,88;214,09;244.876;42.818
2020-01-16;212,92;213,01;211,81;213,01;203.449;3.621
2020-01-15;211,16;212,08;210,35;211,42;205.021;10.782
2020-01-14;211,39;212,065;209,15;209,80;294.508;61.787.778
2020-01-13;209,88;211,92;209,33;211,80;200.222;42.407.020
2020-01-10;210,79;211,79;208,97;209,12;199.240;41.665.069
2020-01-09;207,81;209,67;207,81;208,89;175.204;36.598.364
2020-01-08;205,23;208,17;205,10;207,34;273.548;56.717.442
2020-01-07;204,25;206,71;204,25;204,84;281.807;2.458
2020-01-06;204,56;206,34;204,19;204,38;364.530;81.752
2020-01-03;207,33;208,95;205,22;205,26;526.442;108.057.485
2020-01-02;213,80;214,39;210,46;210,70;459.327;96.780.199
2019-12-31;211,51;212,905;211,35;212,85;112.761;24.001.179
2019-12-30;212,84;212,84;211,28;211,44;94.208;19.919.340
2019-12-27;214,25;214,255;212,10;212,24;112.108;4.245
2019-12-26;211,30;212,71;211,30;212,69;56.509;7.231
2019-12-24;211,91;212,40;210,72;211,68;52.882;11.194.062
2019-12-23;211,55;212,28;211,12;211,77;217.815;13.553
2019-12-20;213,65;213,94;211,08;212,08;263.653;123.854
2019-12-19;207,71;209,48;207,68;209,48;210.448;44.084.647
2019-12-18;209,16;209,18;206,99;208,31;180.055;37.507.257
2019-12-17;210,35;210,35;208,73;209,66;263.463;10.273
2019-12-16;211,00;211,17;209,83;210,08;226.836;10.714
2019-12-13;211,11;211,64;208,41;209,10;356.206;74.482.675
2019-12-12;207,09;210,20;206,87;209,99;338.399;71.060.406
2019-12-11;205,61;206,36;204,95;205,70;207.202;42.621.451
2019-12-10;204,55;205,74;203,83;203,90;250.610;51.099.379
2019-12-09;206,81;206,93;204,81;205,38;154.381;31.706.770
2019-12-06;205,60;205,99;204,62;205,53;143.527;41.106
2019-12-05;202,80;204,04;202,28;203,77;161.267;15.283
2019-12-04;204,30;205,01;202,705;202,75;281.548;57.083.857
2019-12-03;200,60;202,49;199,61;202,05;255.565;51.636.908
2019-12-02;202,62;203,535;199,83;200,62;456.977;40.124
2019-11-29;205,18;206,77;205,16;206,29;192.816;39.776.013
2019-11-27;203,84;206,10;203,84;206,05;264.042;98.492
2019-11-26;205,11;205,98;204,65;205,14;238.640;41.028
2019-11-25;204,74;205,91;204,24;205,91;246.559;6.589
2019-11-22;205,56;206,08;204,66;204,78;190.579;39.026.768
2019-11-21;207,23;207,80;206,08;206,34;317.936;1.032
2019-11-20;207,02;207,64;205,60;206,13;222.303;18.139
2019-11-19;210,40;210,42;207,44;207,44;220.699;45.781.801
2019-11-18;208,39;209,93;207,54;209,10;208.057;3.764
2019-11-15;210,02;210,29;208,40;209,69;201.421;42.235.969
2019-11-14;207,26;208,95;206,74;208,64;174.539;3.547
2019-11-13;207,21;208,63;206,76;207,84;266.365;55.361.302
2019-11-12;205,23;207,71;204,21;205,78;387.901;78.744.366
2019-11-11;202,90;203,26;201,64;202,29;218.919;46.375.752
2019-11-08;203,69;204,42;202,31;203,00;179.193;30.774.832
2019-11-07;201,65;202,72;201,08;202,61;210.447;40.339.116
2019-11-06;201,04;201,60;200,14;201,09;265.171;51.503.754
2019-11-05;201,26;201,45;199,01;200,31;314.795;55.149.382
2019-11-04;201,40;201,49;200,12;200,69;263.242;49.393.452
2019-11-01;198,74;200,05;198,43;198,71;154.821;23.655.380
2019-10-31;199,18;199,18;196,96;198,44;262.424;45.052.444
2019-10-30;197,87;199,52;196,30;199,31;249.713;48.402.568
2019-10-29;197,95;201,28;197,11;199,11;255.096;47.040.830
2019-10-28;196,30;196,88;195,73;196,78;243.981;46.022.496
2019-10-25;194,50;195,36;194,07;194,99;140.957;21.611.894
2019-10-24;194,11;194,60;192,75;192,99;166.034;26.486.520
2019-10-23;193,67;194,85;193,25;193,75;190.346;30.706.426
2019-10-22;193,08;193,68;191,40;191,48;252.129;46.357.674
2019-10-21;195,88;196,01;194,33;194,97;111.258;19.342.830
2019-10-18;196,88;197,22;194,94;195,86;207.221;40.586.305
2019-10-17;197,90;198,98;196,58;196,65;207.473;40.799.565
2019-10-16;197,21;198,14;196,19;196,92;311.691;61.378.192
2019-10-15;195,85;198,00;194,89;195,22;356.061;69.510.228
2019-10-14;194,29;195,285;192,48;192,51;217.873;41.942.731
2019-10-11;192,68;196,51;192,41;194,29;376.318;73.114.824
2019-10-10;190,07;192,05;188,60;191,18;310.024;59.270.388
2019-10-09;186,12;188,00;185,70;187,31;147.824;27.688.913
2019-10-08;187,35;187,41;183,72;184,10;327.896;60.365.654
2019-10-07;185,95;190,25;185,86;188,49;274.854;51.807.230
2019-10-04;185,65;187,36;184,27;186,18;229.591;42.745.252
2019-10-03;184,39;184,95;182,42;184,75;159.661;29.497.370
2019-10-02;185,93;185,98;182,11;184,18;315.193;58.052.247
2019-10-01;193,87;194,02;188,47;188,60;203.704;38.418.574
2019-09-30;192,65;194,23;192,21;193,69;176.590;34.203.717
2019-09-27;192,12;192,73;190,61;191,54;160.040;25.615.442
2019-09-26;193,01;193,18;191,51;192,36;342.788;72.708.614
2019-09-25;190,53;192,87;190,48;192,29;166.632;31.055.784
2019-09-24;193,485;193,84;190,88;191,57;278.657;54.036.850
2019-09-23;192,86;193,96;192,57;193,43;164.641;29.161.460
2019-09-20;195,49;196,25;193,22;194,10;327.987;75.724.398
2019-09-19;195,72;196,10;193,97;194,20;355.312;78.473.942
2019-09-18;193,48;193,67;191,00;192,64;298.900;62.626.388
2019-09-17;190,40;193,17;189,75;192,23;281.395;52.438.196
2019-09-16;191,67;191,80;187,75;188,51;202.864;42.269.448
2019-09-13;192,53;193,68;191,98;192,15;304.934;56.119.998
2019-09-12;190,65;192,58;189,32;191,64;335.247;62.354.556
2019-09-11;185,77;187,71;185,11;187,54;298.464;57.637.336
2019-09-10;184,16;185,64;183,31;185,64;350.821;62.102.858
2019-09-09;188,15;188,38;185,06;185,25;309.264;50.558.156
2019-09-06;188,51;190,24;188,01;189,52;194.313;39.374.336
2019-09-05;188,70;189,45;187,11;187,35;184.683;32.686.320
2019-09-04;188,04;188,90;186,51;187,58;178.699;32.488.800
2019-09-03;187,59;188,12;186,20;187,21;254.892;37.786.668
2019-08-30;188,57;189,21;187,42;188,86;223.486;38.905.190
2019-08-29;188,14;188,36;187,09;187,63;337.110;69.292.606
2019-08-28;184,50;185,88;183,98;184,94;160.549;27.425.512
2019-08-27;185,92;186,40;184,42;184,75;247.683;40.612.532
2019-08-26;185,04;185,42;183,855;184,82;223.069;39.525.842
2019-08-23;185,79;187,36;183,41;184,27;328.066;38.777.524
2019-08-22;188,55;189,00;186,70;187,09;260.109;42.762.682
2019-08-21;189,34;189,92;188,625;188,70;180.723;32.588.260
2019-08-20;188,14;189,00;186,31;187,76;248.294;43.178.794
2019-08-19;189,27;190,29;188,33;188,99;204.770;37.479.532
2019-08-16;187,00;189,10;186,56;188,79;249.715;48.714.094
2019-08-15;185,49;187,49;185,12;186,62;254.676;36.241.370
2019-08-14;188,96;190,32;185,54;185,60;407.135;24.377.426
2019-08-13;192,36;195,61;191,52;192,75;398.548;64.303.236
2019-08-12;193,07;194,64;192,01;192,17;289.582;46.846.096
2019-08-09;189,99;192,76;189,74;191,95;470.616;83.240.150
2019-08-08;190,41;193,42;190,10;192,58;348.398;60.042.730
2019-08-07;186,88;191,36;186,64;190,75;318.027;44.197.828
2019-08-06;190,29;190,33;185,90;188,72;552.780;95.930.888
2019-08-05;189,86;193,065;189,29;190,61;584.016;90.731.976
2019-08-02;188,92;189,03;185,95;187,70;630.226;104.851.976
2019-08-01;189,55;193,50;189,22;190,30;613.834;113.340.460
2019-07-31;195,62;196,15;189,02;191,35;551.181;105.246.494
2019-07-30;195,90;197,79;195,79;196,48;555.242;117.739.536
2019-07-29;199,96;200,19;199,30;199,83;331.917;63.436.438
2019-07-26;199,42;201,115;199,35;200,94;229.760;40.408.138
2019-07-25;200,44;200,66;196,56;199,80;426.139;71.072.650
2019-07-24;204,07;204,18;202,21;202,75;224.292;42.575.704
2019-07-23;204,83;206,79;204,19;206,79;191.065;24.045.267
2019-07-22;204,58;204,99;203,18;203,58;115.964;11.461.456
2019-07-19;202,75;204,57;202,63;203,32;319.740;43.715.128
2019-07-18;202,69;203,66;201,82;203,62;197.488;22.822.387
2019-07-17;203,56;203,84;201,77;201,91;210.189;26.328.659
2019-07-16;204,40;205,50;202,45;202,75;185.109;22.740.293
2019-07-15;204,19;205,08;203,74;203,99;124.406;15.125.359
2019-07-12;203,81;204,70;203,00;203,95;159.949;19.842.310
2019-07-11;201,45;203,06;201,03;203,02;235.329;32.141.982
2019-07-10;202,04;202,64;201,48;201,76;186.727;22.964.795
2019-07-09;202,39;202,51;200,725;200,97;186.206;19.886.902
2019-07-08;201,16;203,59;200,89;201,59;291.976;35.416.429
2019-07-05;201,04;203,11;200,14;202,41;251.486;28.766.930
2019-07-03;202,00;203,52;201,71;203,42;195.872;27.452.032
2019-07-02;202,01;203,97;201,61;203,52;200.722;23.542.206
2019-07-01;202,97;203,19;201,61;202,95;180.354;22.636.930
2019-06-28;199,60;201,68;199,14;200,81;398.946;54.535.580
2019-06-27;198,66;199,94;198,46;199,51;292.876;39.090.171
2019-06-26;202,05;202,29;200,58;200,62;183.448;19.616.206
2019-06-25;204,15;204,20;202,74;202,75;248.124;29.217.615
2019-06-24;202,43;203,86;202,07;203,39;354.027;50.214.039
2019-06-21;202,64;202,99;202,06;202,28;364.300;42.983.598
2019-06-20;203,58;203,64;201,50;202,40;269.102;35.385.926
2019-06-19;202,24;202,34;199,18;200,66;352.226;44.995.583
2019-06-18;204,18;204,74;202,76;203,97;513.286;65.836.238
2019-06-17;202,93;203,54;201,05;201,19;339.813;45.495.174
2019-06-14;202,47;203,19;201,45;202,77;313.456;43.530.806
2019-06-13;203,47;203,77;201,64;202,71;554.759;83.618.534
2019-06-12;201,58;202,27;200,97;201,66;325.892;45.271.647
2019-06-11;201,20;201,82;199,74;200,81;324.154;41.987.816
2019-06-10;200,50;201,93;198,78;200,36;226.642;24.673.064
2019-06-07;200,16;201,07;197,69;200,07;427.683;56.308.137
2019-06-06;194,29;198,05;193,75;197,22;615.327;80.584.110
2019-06-05;191,43;192,79;190,57;192,60;480.677;56.178.507
2019-06-04;187,77;191,35;185,68;191,29;551.915;61.841.473
2019-06-03;181,47;187,39;181,20;187,39;489.649;56.999.420
2019-05-31;180,31;181,36;179,895;180,55;339.295;38.673.195
2019-05-30;182,80;184,15;182,77;183,40;225.011;25.044.280
2019-05-29;181,46;183,13;181,21;183,03;271.362;29.047.831
2019-05-28;186,97;187,78;183,77;184,35;261.756;29.895.719
2019-05-24;187,37;188,14;185,88;187,97;218.173;24.980.122
2019-05-23;185,89;187,01;184,48;185,11;205.213;22.864.260
2019-05-22;187,87;189,61;187,18;188,25;298.678;36.704.891
2019-05-21;186,76;187,43;186,15;187,26;232.577;26.785.791
2019-05-20;186,20;187,17;184,65;185,33;361.713;43.609.046
2019-05-17;188,18;189,45;186,91;189,02;349.719;40.531.967
2019-05-16;185,02;188,92;184,55;187,67;457.273;56.737.675
2019-05-15;178,57;182,35;178,39;180,85;286.488;31.268.300
2019-05-14;180,31;182,36;179,78;180,94;305.772;34.944.059
2019-05-13;179,74;181,01;177,85;180,68;549.737;67.866.236
2019-05-10;174,36;182,19;174,27;181,62;516.374;65.840.950
2019-05-09;173,28;174,71;171,62;173,40;455.397;56.471.940
2019-05-08;174,68;177,49;174,28;176,49;302.296;36.898.279
2019-05-07;176,56;176,82;172,91;174,52;417.839;49.190.708
2019-05-06;177,83;179,33;177,81;178,64;335.818;39.581.347
2019-05-03;179,41;181,47;179,36;180,94;256.889;32.261.017
2019-05-02;177,93;180,46;177,29;180,44;374.612;45.754.847
2019-05-01;180,00;181,19;178,03;178,29;184.575;21.461.171
2019-04-30;177,97;180,54;177,39;180,22;234.439;28.188.583
2019-04-29;176,80;178,23;176,49;177,08;260.836;34.183.715
2019-04-26;175,41;178,26;175,41;178,26;242.609;29.416.303
2019-04-25;176,22;176,71;174,94;176,27;272.167;34.393.299
2019-04-24;179,00;179,48;177,54;177,65;319.415;39.984.839
2019-04-23;178,63;179,71;178,63;179,32;288.954;40.204.931
2019-04-22;180,13;180,74;178,85;178,93;140.391;16.292.959
2019-04-18;180,12;180,78;179,69;180,44;218.270;31.037.011
2019-04-17;180,67;181,81;179,49;179,90;203.386;24.294.209
2019-04-16;180,09;180,66;178,82;180,66;245.740;31.653.516
2019-04-15;180,29;180,42;179,14;180,15;207.945;27.362.195
2019-04-12;180,80;181,13;180,18;180,34;263.372;35.596.546
2019-04-11;181,68;181,81;179,83;179,83;283.106;39.490.102
2019-04-10;183,43;183,59;179,83;181,07;368.855;47.747.145
2019-04-09;185,05;185,05;182,82;182,98;259.740;35.107.979
2019-04-08;185,90;185,90;184,16;184,80;214.224;27.859.562
2019-04-05;184,59;185,40;184,00;184,58;190.644;23.821.043
2019-04-04;183,57;184,04;182,42;183,88;254.652;33.848.629
2019-04-03;181,00;184,53;180,63;182,74;404.188;48.573.303
2019-04-02;177,33;178,13;176,70;178,13;197.669;24.309.829
2019-04-01;176,84;178,14;176,24;176,66;260.277;31.652.353
2019-03-29;175,35;176,10;173,89;175,96;344.843;44.550.204
2019-03-28;171,00;173,83;170,77;173,70;263.618;32.343.767
2019-03-27;169,46;170,04;168,69;169,49;358.884;45.046.874
2019-03-26;170,89;171,27;169,74;170,99;211.288;24.549.761
2019-03-25;170,80;171,92;169,58;170,00;311.369;38.851.232
2019-03-22;172,04;172,76;169,19;169,90;295.016;34.969.411
2019-03-21;174,34;175,83;173,71;175,05;276.157;35.087.496
2019-03-20;175,35;176,86;174,36;176,71;348.486;44.790.336
2019-03-19;175,35;175,79;172,62;173,66;227.911;27.430.778
2019-03-18;174,75;174,95;173,45;174,51;240.922;29.116.010
2019-03-15;176,29;176,96;174,49;176,42;331.641;38.644.717
2019-03-14;174,36;174,44;173,17;174,21;231.176;28.923.385
2019-03-13;174,00;175,48;173,70;174,42;318.595;41.489.524
2019-03-12;171,78;172,85;171,44;172,35;265.066;30.784.542
2019-03-11;169,53;171,29;169,47;171,29;226.482;27.521.540
2019-03-08;168,74;169,50;167,80;169,45;291.409;33.272.527
2019-03-07;169,36;169,36;166,85;167,48;292.894;35.083.435
2019-03-06;168,84;169,65;168,25;169,13;221.136;22.986.289
2019-03-05;168,38;169,925;168,38;168,43;267.577;33.944.884
2019-03-04;168,46;168,88;166,10;168,74;443.719;55.605.142
2019-03-01;176,50;176,70;167,945;168,38;517.738;65.000.690
2019-02-28;174,57;174,92;173,10;173,29;270.419;34.803.479
2019-02-27;173,24;175,095;172,64;174,53;370.678;48.569.006
2019-02-26;173,87;174,86;173,45;173,88;391.767;51.243.398
2019-02-25;174,00;175,00;173,47;174,63;327.121;43.210.368
2019-02-22;172,13;173,74;171,61;173,46;159.053;18.577.582
2019-02-21;170,94;172,24;170,55;171,35;422.782;55.821.128
2019-02-20;167,65;171,00;167,65;170,25;381.707;48.948.200
2019-02-19;168,20;168,78;167,62;167,88;429.346;54.148.155
2019-02-15;170,54;170,69;167,79;168,53;391.641;48.084.482
2019-02-14;166,66;167,60;165,93;166,44;226.744;27.842.475
2019-02-13;167,21;168,47;166,79;166,79;295.086;37.849.751
2019-02-12;164,14;167,54;163,92;167,53;350.839;45.242.755
2019-02-11;160,99;161,60;160,64;161,31;194.880;22.150.322
2019-02-08;160,07;161,60;159,09;161,23;257.933;30.641.533
2019-02-07;161,75;162,24;159,52;160,71;245.326;27.434.713
2019-02-06;164,03;164,58;163,06;163,43;236.483;27.766.028
2019-02-05;165,26;165,99;163,815;165,04;327.474;43.319.551
2019-02-04;165,61;165,61;163,26;163,52;266.324;37.870.061
2019-02-01;163,90;165,88;163,47;165,80;340.307;55.669.684
2019-01-31;161,24;163,36;159,64;162,99;323.020;52.433.345
2019-01-30;161,79;163,75;161,16;162,89;268.994;43.694.705
2019-01-29;159,57;161,99;159,41;161,18;259.379;41.474.088
2019-01-28;157,75;158,35;156,89;158,08;268.197;42.141.196
2019-01-25;158,77;160,09;158,64;158,81;259.857;41.388.039
2019-01-24;157,69;157,90;156,43;157,38;389.117;61.156.816
2019-01-23;160,57;161,09;157,51;158,89;352.117;55.898.362
2019-01-22;161,61;161,69;159,74;160,75;327.394;52.503.796
2019-01-18;158,76;161,42;158,01;161,19;366.961;58.480.242
2019-01-17;156,70;157,57;156,23;157,27;400.264;62.737.926
2019-01-16;157,49;158,30;157,11;157,21;203.768;29.056.444
2019-01-15;156,84;157,85;156,54;157,27;347.142;54.407.342
2019-01-14;158,48;159,44;157,73;158,03;331.471;52.578.323
2019-01-11;160,56;160,76;159,49;160,23;213.011;33.836.827
2019-01-10;158,68;161,96;158,40;161,89;248.245;39.287.885
2019-01-09;156,73;159,52;156,34;158,44;345.637;54.582.260
2019-01-08;156,25;158,55;155,23;158,15;381.677;59.828.728
2019-01-07;155,79;157,975;155,18;156,48;265.093;41.351.460
2019-01-04;153,86;157,49;153,38;156,69;387.098;59.935.567
2019-01-03;154,32;154,32;151,93;152,06;365.313;55.549.495
2019-01-02;153,55;158,13;153,55;157,21;222.827;35.030.633
2018-12-31;156,32;156,82;153,95;156,13;280.579;43.806.799




